#timestamp,left,right,acc_x,acc_y,acc_z,roll,pitch,yaw,event
1568115619267,-190,149,-2284,1667,-16311,67,52,37,0
1568115619279,-191,149,-2279,1705,-16347,64,34,27,0
1568115619290,-189,155,-2240,1687,-16340,71,37,27,0
1568115619305,-188,158,-2216,1702,-16364,79,49,1,0
1568115619306,-190,152,-2192,1691,-16349,82,13,34,0
1568115619320,-193,144,-2219,1665,-16361,68,-6,21,0
1568115619327,-193,142,-2227,1583,-16383,68,14,16,0
1568115619335,-195,142,-2200,1593,-16415,69,-33,40,0
1568115619350,-198,139,-2238,1633,-16382,56,-66,26,0
1568115619359,-200,137,-2245,1640,-16361,56,-78,46,0
1568115619365,-204,135,-2197,1644,-16348,46,-98,65,0
1568115619380,-213,126,-2259,1589,-16332,23,-81,56,0
1568115619388,-208,130,-2342,1611,-16285,17,-74,68,0
1568115619394,-198,136,-2270,1621,-16287,-4,-45,83,0
1568115619410,-198,135,-2282,1665,-16356,3,-48,79,0
1568115619417,-202,131,-2309,1638,-16289,-2,-32,58,0
1568115619427,-202,130,-2286,1644,-16342,0,-28,75,0
1568115619440,-198,135,-2258,1673,-16374,0,-3,72,0
1568115619447,-194,141,-2278,1655,-16299,-10,1,60,0
1568115619456,-193,141,-2317,1639,-16329,-2,10,50,0
1568115619470,-192,139,-2254,1648,-16304,7,17,39,0
1568115619477,-195,137,-2291,1683,-16312,30,16,45,0
1568115619486,-199,135,-2320,1671,-16307,34,13,40,0
1568115619500,-202,130,-2287,1687,-16329,50,13,29,0
1568115619510,-205,127,-2308,1686,-16377,52,-2,37,0
1568115619515,-207,124,-2332,1642,-16351,60,9,39,0
1568115619530,-210,121,-2298,1661,-16335,56,16,35,0
1568115619538,-213,119,-2246,1696,-16367,38,-3,14,0
1568115619544,-214,120,-2339,1669,-16354,42,-3,32,0
1568115619561,-214,121,-2273,1673,-16355,39,3,15,0
1568115619568,-209,126,-2277,1681,-16374,35,10,23,0
1568115619577,-206,131,-2332,1679,-16415,27,11,14,0
1568115619591,-207,134,-2295,1702,-16304,35,1,-5,0
1568115619598,-206,133,-2281,1706,-16222,26,25,-14,0
1568115619606,-204,134,-2361,1562,-16280,44,61,-5,0
1568115619623,-201,136,-2286,1508,-16246,108,63,11,0
1568115619629,-199,137,-2258,1563,-16385,128,6,57,0
1568115619635,-200,135,-2276,1610,-16405,97,5,66,0
1568115619650,-205,132,-2211,1633,-16419,62,7,57,0
1568115619659,-216,124,-2320,1666,-16462,35,-7,48,0
1568115619665,-223,115,-2249,1691,-16448,-7,-18,9,0
1568115619681,-219,117,-2271,1727,-16457,-39,5,18,0
1568115619688,-210,126,-2185,1660,-16400,-57,-30,-2,0
1568115619697,-209,128,-2346,1622,-16361,-69,-35,2,0
1568115619711,-210,128,-2356,1669,-16348,-68,-57,-1,0
1568115619717,-209,130,-2372,1624,-16287,-43,-56,11,0
1568115619726,-208,135,-2325,1674,-16227,-37,-70,11,0
1568115619741,-209,134,-2304,1679,-16168,-14,-42,9,0
1568115619757,-207,136,-2314,1699,-16211,14,8,10,0
1568115619758,-210,133,-2394,1614,-16219,3,42,25,0
1568115619770,-214,128,-2348,1663,-16238,11,69,44,0
1568115619777,-214,130,-2321,1648,-16327,39,65,47,0
1568115619786,-212,134,-2280,1596,-16350,53,82,44,0
1568115619800,-210,136,-2311,1671,-16390,47,76,39,0
1568115619809,-206,138,-2246,1670,-16391,58,77,8,0
1568115619815,-209,132,-2210,1668,-16434,48,59,2,0
1568115619831,-212,131,-2214,1663,-16434,41,53,-29,0
1568115619838,-210,133,-2215,1657,-16400,33,33,-45,0
1568115619845,-209,132,-2293,1633,-16426,14,30,-68,0
1568115619859,-211,125,-2300,1622,-16401,-24,35,-53,0
1568115619867,-210,125,-2179,1659,-16362,-36,36,-50,0
1568115619875,-208,127,-2225,1531,-16262,-51,27,-51,0
1568115619890,-208,127,-2360,1585,-16312,-17,21,-24,0
1568115619897,-209,129,-2315,1608,-16337,9,5,7,0
1568115619913,-203,134,-2256,1565,-16247,33,-7,22,0
1568115619927,-199,139,-2257,1650,-16256,27,17,41,0
1568115619929,-202,139,-2223,1711,-16209,7,56,25,0
1568115619935,-213,128,-2199,1709,-16274,-15,89,7,0
1568115619950,-218,121,-2222,1642,-16327,-27,93,7,0
1568115619958,-217,123,-2198,1651,-16453,-46,83,-13,0
1568115619965,-211,131,-2255,1620,-16430,-41,70,-23,0
1568115619980,-210,135,-2247,1641,-16439,-52,37,0,0
1568115619992,-204,144,-2240,1662,-16411,-18,2,-12,0
1568115619995,-190,154,-2311,1644,-16347,11,-23,10,0
1568115620010,-178,162,-2138,1669,-16370,-5,-45,-4,0
1568115620018,-181,159,-2163,1708,-16361,10,-32,-17,0
1568115620027,-190,151,-2290,1621,-16348,-27,-29,-18,0
1568115620043,-199,145,-2300,1643,-16299,-40,-31,-16,0
1568115620047,-204,142,-2288,1643,-16308,-39,5,-9,0
1568115620057,-207,140,-2233,1660,-16267,-59,7,-10,0
1568115620074,-201,143,-2285,1630,-16322,-15,23,-2,0
1568115620077,-203,139,-2291,1596,-16337,3,42,6,0
1568115620093,-205,139,-2254,1637,-16351,6,56,10,0
1568115620100,-207,139,-2228,1668,-16325,44,47,6,0
1568115620107,-208,138,-2302,1710,-16362,50,47,1,0
1568115620115,-203,142,-2247,1696,-16379,29,38,7,0
1568115620130,-201,145,-2275,1689,-16378,26,52,-16,0
1568115620137,-198,148,-2265,1676,-16362,10,34,10,0
1568115620145,-209,142,-2159,1651,-16380,-11,20,-17,0
1568115620160,-236,124,-2172,1595,-16346,-8,13,-19,0
1568115620168,-259,104,-2297,1571,-16315,-4,-16,18,0
1568115620177,-285,76,-2274,1624,-16375,4,-13,27,0
1568115620190,-296,40,-2224,1596,-16349,48,-18,28,0
1568115620197,-296,-2,-2206,1635,-16362,68,-27,26,0
1568115620206,-298,-49,-2251,1643,-16364,38,-22,17,0
1568115620224,-309,-86,-2254,1659,-16349,31,-11,23,0
1568115620229,-312,-97,-2222,1653,-16336,28,-22,8,0
1568115620240,-301,-74,-2256,1646,-16323,21,4,9,0
1568115620255,-281,-25,-2262,1569,-16330,21,5,-4,0
1568115620257,-259,18,-2279,1587,-16345,4,-7,14,0
1568115620265,-234,51,-2309,1619,-16322,27,-2,12,0
1568115620280,-212,73,-2278,1631,-16384,31,-5,37,0
1568115620288,-188,95,-2292,1713,-16331,30,22,22,0
1568115620295,-171,101,-2342,1655,-16383,34,33,28,0
1568115620310,-164,102,-2309,1700,-16359,36,30,16,0
1568115620317,-165,107,-2274,1680,-16328,31,19,10,0
1568115620326,-165,115,-2243,1679,-16312,22,49,-7,0
1568115620340,-168,119,-2281,1681,-16319,22,50,-10,0
1568115620348,-165,130,-2278,1706,-16283,20,77,-13,0
1568115620357,-162,139,-2296,1631,-16355,33,62,-35,0
1568115620371,-162,142,-2184,1641,-16383,53,34,-27,0
1568115620378,-167,145,-2303,1672,-16404,50,36,-25,0
1568115620386,-166,152,-2285,1580,-16361,66,33,-32,0
1568115620401,-169,157,-2275,1602,-16336,70,29,-12,0
1568115620407,-173,160,-2242,1611,-16419,66,-1,-4,0
1568115620424,-173,166,-2311,1627,-16343,53,-3,9,0
1568115620430,-172,170,-2218,1611,-16346,37,4,19,0
1568115620438,-174,174,-2283,1526,-16271,31,38,26,0
1568115620445,-174,177,-2249,1476,-16267,71,40,45,0
1568115620461,-180,173,-2289,1595,-16233,92,30,75,0
1568115620474,-187,165,-2249,1615,-16341,76,22,101,0
1568115620475,-190,160,-2234,1662,-16342,49,38,98,0
1568115620492,-189,164,-2261,1697,-16419,-2,27,63,0
1568115620498,-199,155,-2245,1684,-16404,-4,50,65,0
1568115620505,-205,148,-2331,1673,-16382,-36,40,23,0
1568115620520,-208,146,-2271,1673,-16425,-67,51,-8,0
1568115620527,-206,154,-2257,1674,-16454,-90,9,-22,0
1568115620541,-204,160,-2277,1644,-16435,-82,-1,-49,0
1568115620553,-199,165,-2287,1677,-16368,-70,-38,-65,0
1568115620557,-202,160,-2223,1640,-16311,-50,-35,-58,0
1568115620570,-211,149,-2290,1625,-16234,-38,-49,-74,0
1568115620580,-220,138,-2184,1644,-16243,-31,-2,-64,0
1568115620588,-218,136,-2321,1640,-16225,-26,22,-45,0
1568115620595,-213,143,-2329,1589,-16257,14,38,-14,0
1568115620610,-215,142,-2279,1591,-16302,33,66,6,0
1568115620623,-221,134,-2261,1605,-16323,61,57,45,0
1568115620625,-224,134,-2320,1652,-16360,61,85,58,0
1568115620641,-225,134,-2243,1658,-16356,51,87,64,0
1568115620649,-220,144,-2231,1674,-16359,40,104,51,0
1568115620655,-217,147,-2233,1617,-16414,33,97,38,0
1568115620674,-214,145,-2228,1629,-16414,36,86,12,0
1568115620677,-214,143,-2338,1609,-16417,27,95,-8,0
1568115620685,-210,144,-2245,1625,-16390,22,82,-41,0
1568115620700,-206,146,-2272,1604,-16441,30,75,-52,0
1568115620707,-205,149,-2217,1624,-16436,-13,66,-73,0
1568115620722,-207,148,-2208,1630,-16285,-8,78,-79,0
1568115620730,-210,144,-2219,1567,-16380,-3,25,-70,0
1568115620738,-211,141,-2247,1542,-16393,2,16,-47,0
1568115620745,-208,144,-2234,1566,-16253,20,8,-26,0
1568115620760,-210,144,-2210,1544,-16253,20,10,-8,0
1568115620768,-211,144,-2245,1606,-16225,15,23,9,0
1568115620775,-210,146,-2234,1607,-16223,13,103,-10,0
1568115620791,-208,148,-2194,1632,-16284,10,128,-19,0
1568115620798,-207,147,-2162,1603,-16337,-20,153,-16,0
1568115620805,-207,146,-2293,1672,-16436,-8,133,9,0
1568115620824,-208,144,-2234,1635,-16436,-11,93,3,0
1568115620827,-209,146,-2221,1618,-16447,-9,49,10,0
1568115620836,-210,148,-2174,1642,-16412,6,15,-2,0
1568115620854,-211,150,-2245,1649,-16316,-8,-6,-10,0
1568115620857,-215,141,-2273,1685,-16378,-7,-20,-11,0
1568115620870,-222,131,-2179,1660,-16324,-24,-21,-12,0
1568115620881,-240,119,-2206,1667,-16299,-27,-12,-6,0
1568115620887,-254,106,-2248,1591,-16306,-10,6,12,0
1568115620895,-274,82,-2320,1680,-16340,-34,23,-2,0
1568115620910,-296,44,-2244,1614,-16348,-7,54,-21,0
1568115620917,-301,6,-2258,1572,-16377,-13,70,-3,0
1568115620925,-308,-39,-2193,1669,-16338,-6,62,-15,0
1568115620940,-323,-71,-2265,1669,-16372,36,83,-14,0
1568115620948,-334,-74,-2214,1654,-16390,46,71,-15,0
1568115620955,-336,-59,-2190,1625,-16352,37,84,-25,0
1568115620971,-327,-31,-2156,1635,-16361,48,50,-40,0
1568115620978,-306,10,-2145,1620,-16401,46,49,-52,0
1568115620985,-275,52,-2206,1650,-16360,53,54,-41,0
1568115621002,-237,82,-2240,1572,-16353,50,42,-26,0
1568115621009,-207,100,-2244,1571,-16363,43,14,1,0
1568115621020,-192,107,-2211,1551,-16321,63,19,5,0
1568115621038,-181,110,-2155,1607,-16381,55,2,37,0
1568115621040,-171,114,-2115,1606,-16322,51,-5,38,0
1568115621045,-163,125,-2220,1564,-16306,65,-14,57,0
1568115621060,-153,148,-2176,1555,-16314,37,-21,60,0
1568115621074,-148,164,-2300,1593,-16359,37,-11,63,0
1568115621075,-153,168,-2237,1613,-16360,35,-29,73,0
1568115621090,-156,172,-2128,1588,-16393,46,-15,78,0
1568115621098,-154,178,-2211,1653,-16380,35,-25,82,0
1568115621106,-150,184,-2283,1605,-16348,36,-21,78,0
1568115621121,-152,190,-2217,1589,-16338,29,-15,83,0
1568115621127,-158,191,-2257,1607,-16374,10,0,62,0
1568115621138,-166,186,-2215,1593,-16346,31,-12,42,0
1568115621150,-173,179,-2187,1649,-16366,8,6,44,0
1568115621157,-177,178,-2203,1629,-16356,-16,-11,17,0
1568115621167,-180,180,-2147,1603,-16375,-19,-20,7,0
1568115621180,-183,178,-2240,1619,-16366,1,-31,16,0
1568115621188,-188,175,-2167,1630,-16371,21,-3,15,0
1568115621195,-190,174,-2254,1619,-16417,24,-29,-13,0
1568115621210,-190,174,-2233,1594,-16315,20,-20,-17,0
1568115621218,-191,172,-2218,1600,-16352,15,-17,-22,0
1568115621227,-196,168,-2180,1589,-16283,-6,-21,-4,0
1568115621240,-203,165,-2279,1581,-16313,-19,0,22,0
1568115621248,-203,167,-2221,1599,-16369,-30,2,20,0
1568115621256,-202,162,-2234,1586,-16367,-28,-9,42,0
1568115621270,-202,160,-2275,1580,-16355,-25,-1,37,0
1568115621278,-200,161,-2263,1559,-16415,-14,-15,63,0
1568115621285,-202,160,-2238,1604,-16417,16,-34,50,0
1568115621301,-207,152,-2241,1647,-16413,9,-30,32,0
1568115621307,-205,152,-2254,1604,-16394,5,-9,16,0
1568115621318,-196,160,-2294,1505,-16306,27,-22,19,0
1568115621337,-193,160,-2329,1478,-16307,73,-33,39,0
1568115621345,-199,153,-2277,1495,-16301,68,-48,60,0
1568115621347,-202,150,-2225,1630,-16323,28,-20,37,0
1568115621360,-201,150,-2280,1596,-16297,-2,18,52,0
1568115621367,-199,151,-2178,1696,-16332,-48,39,40,0
1568115621375,-201,153,-2282,1605,-16355,-58,57,4,0
1568115621390,-205,154,-2281,1589,-16397,-54,68,-28,0
1568115621398,-203,155,-2197,1636,-16467,-51,67,-40,0
1568115621407,-201,156,-2246,1620,-16482,-34,54,-56,0
1568115621420,-199,160,-2268,1594,-16429,-46,14,-39,0
1568115621429,-197,161,-2267,1617,-16338,-33,-14,-65,0
1568115621435,-199,153,-2251,1625,-16309,-42,-15,-45,0
1568115621450,-205,145,-2259,1612,-16283,-38,-22,-58,0
1568115621458,-205,146,-2332,1582,-16254,-58,-9,-44,0
1568115621465,-207,145,-2246,1547,-16270,-62,17,-15,0
1568115621482,-208,144,-2310,1484,-16243,-34,40,26,0
1568115621487,-208,144,-2235,1534,-16278,15,39,35,0
1568115621495,-208,143,-2240,1603,-16271,42,48,83,0
1568115621511,-208,139,-2277,1595,-16299,25,61,100,0
1568115621517,-210,138,-2245,1571,-16356,48,63,85,0
1568115621526,-216,138,-2251,1669,-16361,41,85,72,0
1568115621540,-220,138,-2268,1640,-16374,20,90,44,0
1568115621548,-218,146,-2188,1667,-16420,0,85,9,0
1568115621555,-220,145,-2178,1607,-16486,-11,93,-30,0
1568115621570,-217,149,-2253,1640,-16375,-31,94,-53,0
1568115621579,-221,151,-2276,1585,-16387,-39,77,-73,0
1568115621585,-230,143,-2190,1550,-16422,-44,56,-52,0
1568115621601,-255,117,-2185,1559,-16313,-54,31,-48,0
1568115621608,-288,83,-2165,1537,-16336,-32,9,-54,0
1568115621615,-296,52,-2233,1478,-16333,-23,7,-34,0
1568115621632,-292,20,-2223,1554,-16315,-34,0,-15,0
1568115621637,-302,-21,-2292,1572,-16275,-23,27,-1,0
1568115621646,-326,-48,-2165,1559,-16284,-7,42,5,0
1568115621660,-334,-44,-2181,1611,-16302,-36,69,15,0
1568115621669,-328,-21,-2252,1658,-16316,-59,84,17,0
1568115621677,-319,3,-2226,1636,-16409,-56,95,-25,0
1568115621690,-302,33,-2289,1632,-16443,-74,67,16,0
1568115621698,-272,67,-2197,1619,-16372,-60,32,7,0
1568115621706,-233,100,-2192,1687,-16399,-49,11,22,0
1568115621720,-195,125,-2192,1716,-16377,-15,-19,-8,0
1568115621728,-175,133,-2136,1647,-16455,-7,-15,1,0
1568115621735,-169,127,-2268,1684,-16348,-9,-38,-20,0
1568115621750,-168,118,-2206,1693,-16370,-17,-19,-19,0
1568115621757,-166,119,-2219,1633,-16318,-16,-9,-18,0
1568115621765,-164,130,-2274,1617,-16296,-18,1,4,0
1568115621781,-160,148,-2222,1644,-16328,-5,7,-8,0
1568115621787,-154,164,-2220,1665,-16347,-3,35,12,0
1568115621796,-151,175,-2185,1661,-16374,14,56,31,0
1568115621810,-151,182,-2144,1643,-16362,15,66,21,0
1568115621818,-156,185,-2200,1646,-16390,29,72,21,0
1568115621825,-164,182,-2258,1677,-16326,50,49,19,0
1568115621839,-168,181,-2149,1656,-16400,58,46,5,0
1568115621847,-170,184,-2213,1665,-16380,49,19,-9,0
1568115621855,-176,182,-2146,1618,-16379,55,32,-12,0
1568115621869,-186,172,-2220,1576,-16389,52,11,-19,0
1568115621878,-192,162,-2238,1551,-16371,64,9,-21,0
1568115621884,-192,166,-2127,1530,-16378,49,-4,5,0
1568115621900,-186,174,-2180,1522,-16355,65,-23,36,0
1568115621912,-182,183,-2183,1535,-16354,46,-33,42,0
1568115621915,-184,179,-2180,1551,-16345,38,-32,69,0
1568115621931,-194,167,-2236,1535,-16321,33,-36,87,0
1568115621938,-202,157,-2229,1591,-16336,26,-37,90,0
1568115621945,-201,159,-2194,1592,-16315,6,-47,89,0
1568115621960,-200,162,-2237,1545,-16347,0,-69,89,0
1568115621967,-201,156,-2216,1625,-16362,-8,-41,93,0
1568115621976,-203,152,-2237,1607,-16392,-36,-46,82,0
1568115621989,-199,156,-2248,1642,-16384,-43,-38,53,0
1568115621997,-196,159,-2208,1586,-16351,-42,-36,39,0
1568115622005,-198,161,-2235,1611,-16365,-45,-61,28,0
1568115622020,-201,161,-2229,1609,-16330,-46,-43,32,0
1568115622028,-200,159,-2247,1620,-16395,-21,-45,34,0
1568115622035,-199,154,-2242,1655,-16355,-12,-58,45,0
1568115622050,-199,154,-2205,1686,-16329,4,-36,61,0
1568115622057,-197,154,-2255,1618,-16342,0,-35,36,0
1568115622065,-196,157,-2254,1649,-16323,1,-33,20,0
1568115622080,-204,150,-2228,1645,-16367,4,-18,3,0
1568115622088,-211,143,-2274,1644,-16328,2,-1,-11,0
1568115622096,-211,140,-2218,1647,-16294,-3,11,-8,0
1568115622110,-210,142,-2256,1629,-16340,11,-4,3,0
1568115622117,-204,146,-2329,1619,-16367,23,1,9,0
1568115622125,-198,154,-2171,1583,-16362,37,-2,8,0
1568115622140,-204,153,-2306,1590,-16369,22,-26,26,0
1568115622147,-211,148,-2237,1655,-16388,20,-9,27,0
1568115622155,-211,149,-2289,1593,-16323,40,-5,33,0
1568115622170,-209,150,-2251,1629,-16348,41,-17,37,0
1568115622177,-209,150,-2269,1584,-16452,36,-28,25,0
1568115622185,-211,148,-2222,1647,-16395,15,-56,29,0
1568115622200,-217,141,-2273,1572,-16234,18,-22,33,0
1568115622207,-217,140,-2261,1608,-16252,19,6,4,0
1568115622215,-217,140,-2288,1533,-16213,58,14,9,0
1568115622230,-218,135,-2198,1553,-16307,98,-8,43,0
1568115622237,-221,133,-2270,1549,-16307,87,11,64,0
1568115622246,-230,129,-2243,1612,-16331,69,20,49,0
1568115622262,-245,116,-2240,1607,-16410,9,43,49,0
1568115622267,-265,98,-2237,1672,-16400,-50,33,9,0
1568115622275,-286,73,-2194,1601,-16460,-93,54,-29,0
1568115622290,-286,42,-2268,1641,-16452,-127,35,-37,0
1568115622298,-285,7,-2263,1624,-16435,-117,-15,-44,0
1568115622305,-290,-30,-2274,1632,-16422,-102,-36,-48,0
1568115622320,-305,-53,-2283,1671,-16365,-70,-74,-45,0
1568115622328,-318,-51,-2283,1702,-16255,-42,-88,-35,0
1568115622335,-319,-28,-2206,1663,-16245,-6,-54,-41,0
1568115622350,-312,2,-2274,1681,-16208,35,-32,-41,0
1568115622357,-296,34,-2274,1638,-16225,19,16,-25,0
1568115622366,-273,65,-2249,1602,-16237,41,45,-7,0
1568115622380,-237,93,-2293,1552,-16322,40,42,33,0
1568115622388,-199,118,-2246,1536,-16286,82,70,57,0
1568115622396,-173,132,-2233,1566,-16357,101,64,99,0
1568115622412,-159,138,-2192,1634,-16404,88,74,110,0
1568115622418,-151,134,-2182,1654,-16415,96,88,83,0
1568115622426,-146,134,-2149,1644,-16426,111,81,50,0
1568115622441,-148,139,-2190,1600,-16421,75,93,35,0
1568115622447,-151,150,-2218,1615,-16493,78,80,-10,0
1568115622455,-150,167,-2139,1609,-16464,44,68,-43,0
1568115622470,-148,178,-2245,1620,-16457,41,45,-64,0
1568115622478,-151,183,-2183,1549,-16385,17,-1,-86,0
1568115622486,-155,187,-2171,1534,-16242,20,-3,-91,0
1568115622500,-161,186,-2207,1436,-16313,52,-23,-80,0
1568115622508,-167,185,-2251,1485,-16298,61,-23,-32,0
1568115622515,-173,185,-2196,1480,-16238,62,-13,15,0
1568115622530,-177,182,-2182,1497,-16228,66,5,29,0
1568115622537,-181,180,-2113,1601,-16223,24,34,44,0
1568115622546,-186,176,-2241,1614,-16240,-13,77,56,0
1568115622561,-196,168,-2260,1516,-16348,-34,91,42,0
1568115622568,-194,170,-2265,1544,-16430,-56,88,18,0
1568115622576,-188,177,-2202,1561,-16472,-82,53,32,0
1568115622591,-185,183,-2180,1551,-16470,-82,20,16,0
1568115622597,-189,177,-2163,1640,-16476,-49,-46,22,0
1568115622605,-194,171,-2232,1643,-16435,-16,-68,27,0
1568115622627,-196,167,-2204,1603,-16418,-7,-83,3,0
1568115622629,-198,165,-2158,1637,-16337,-4,-74,-4,0
1568115622636,-204,159,-2278,1656,-16338,-18,-65,-19,0
1568115622650,-210,157,-2236,1614,-16316,-25,-53,-16,0
1568115622658,-207,162,-2219,1576,-16248,-61,-23,4,0
1568115622666,-202,167,-2278,1627,-16315,-53,17,7,0
1568115622680,-201,164,-2329,1604,-16312,-16,37,11,0
1568115622687,-203,160,-2250,1619,-16324,-11,40,17,0
1568115622694,-205,158,-2288,1618,-16340,-2,51,16,0
1568115622710,-210,157,-2200,1636,-16339,40,52,18,0
1568115622717,-218,152,-2236,1617,-16370,50,50,10,0
1568115622729,-222,148,-2253,1600,-16397,70,39,-11,0
1568115622741,-224,145,-2214,1594,-16366,64,18,-26,0
1568115622747,-219,148,-2252,1543,-16320,42,12,-36,0
1568115622758,-213,151,-2242,1565,-16381,53,8,-35,0
1568115622770,-211,152,-2197,1541,-16388,37,9,-31,0
1568115622778,-211,149,-2248,1564,-16390,49,-8,-30,0
1568115622785,-212,146,-2170,1559,-16400,50,-12,-13,0
1568115622800,-214,140,-2299,1585,-16306,50,-13,-21,0
1568115622808,-214,139,-2208,1552,-16362,64,-20,-20,0
1568115622815,-214,141,-2277,1515,-16326,45,-7,-19,0
1568115622831,-209,146,-2281,1528,-16337,34,-27,-8,0
1568115622837,-206,146,-2244,1559,-16363,27,-35,-7,0
1568115622847,-206,145,-2278,1551,-16383,23,-46,19,0
1568115622861,-209,145,-2286,1541,-16343,-16,-48,9,0
1568115622867,-215,143,-2264,1531,-16379,-18,-65,3,0
1568115622883,-219,138,-2268,1619,-16341,-18,-57,-19,0
1568115622890,-219,136,-2293,1596,-16345,-5,-60,-27,0
1568115622898,-218,140,-2237,1641,-16367,-26,-50,-42,0
1568115622910,-228,135,-2309,1524,-16347,-31,-50,-13,0
1568115622920,-244,124,-2222,1530,-16319,-69,-42,22,0
1568115622927,-270,102,-2316,1562,-16339,-56,-28,34,0
1568115622935,-282,73,-2315,1535,-16302,-72,-8,57,0
1568115622950,-295,29,-2278,1602,-16306,-64,14,56,0
1568115622963,-309,-10,-2318,1557,-16344,-59,38,55,0
1568115622965,-320,-40,-2253,1651,-16320,-62,48,64,0
1568115622981,-331,-61,-2311,1653,-16340,-46,49,52,0
1568115622994,-344,-73,-2218,1624,-16403,-18,51,14,0
1568115622996,-349,-64,-2209,1608,-16415,-20,26,8,0
1568115623010,-335,-27,-2290,1611,-16346,-11,7,2,0
1568115623017,-302,19,-2276,1636,-16435,5,5,-19,0
1568115623030,-263,54,-2314,1618,-16403,0,-37,-31,0
1568115623044,-232,75,-2324,1601,-16293,-10,-27,-1,0
1568115623047,-209,93,-2350,1555,-16245,6,-10,-6,0
1568115623055,-188,112,-2241,1523,-16263,72,23,7,0
1568115623070,-168,126,-2307,1504,-16263,107,34,52,0
1568115623078,-156,129,-2266,1540,-16333,110,42,68,0
1568115623085,-150,135,-2205,1630,-16368,92,74,78,0
1568115623099,-153,146,-2298,1604,-16367,69,89,66,0
1568115623107,-153,164,-2193,1656,-16439,20,96,34,0
1568115623119,-146,185,-2299,1638,-16483,-13,87,7,0
1568115623130,-143,199,-2260,1672,-16465,-46,94,-52,0
1568115623146,-147,199,-2261,1580,-16460,-61,57,-50,0
1568115623148,-159,192,-2270,1626,-16439,-41,21,-71,0
1568115623160,-166,189,-2226,1634,-16354,-25,-15,-70,0
1568115623168,-167,190,-2265,1647,-16342,-3,-24,-93,0
1568115623176,-170,191,-2274,1586,-16266,33,-4,-73,0
1568115623190,-170,193,-2254,1614,-16210,36,12,-79,0
1568115623197,-174,190,-2265,1531,-16245,35,79,-60,0
1568115623211,-176,184,-2296,1512,-16250,48,79,-28,0
1568115623223,-179,180,-2177,1472,-16275,66,79,20,0
1568115623227,-178,184,-2322,1460,-16334,68,97,68,0
1568115623235,-184,179,-2298,1493,-16382,75,86,84,0
1568115623250,-191,174,-2245,1530,-16387,37,85,99,0
1568115623260,-199,163,-2170,1547,-16395,51,77,90,0
1568115623265,-198,163,-2133,1584,-16389,35,68,61,0
1568115623280,-195,169,-2232,1609,-16430,45,75,28,0
1568115623287,-200,164,-2191,1605,-16425,16,77,-12,0
1568115623297,-210,154,-2188,1588,-16428,7,65,-27,0
1568115623312,-214,150,-2256,1525,-16417,-30,50,-67,0
1568115623317,-213,153,-2144,1508,-16448,-53,33,-75,0
1568115623330,-210,153,-2126,1507,-16357,-75,27,-83,0
1568115623344,-208,151,-2201,1499,-16361,-77,3,-75,0
1568115623348,-200,160,-2217,1467,-16383,-63,-1,-46,0
1568115623356,-192,169,-2236,1508,-16273,-60,-26,-32,0
1568115623370,-191,170,-2240,1542,-16271,-33,-24,-4,0
1568115623380,-200,161,-2272,1569,-16223,-49,-18,8,0
1568115623385,-213,151,-2217,1586,-16230,-63,31,11,0
1568115623400,-220,145,-2297,1673,-16301,-83,69,-21,0
1568115623409,-219,144,-2281,1588,-16363,-101,101,-27,0
1568115623415,-221,141,-2251,1586,-16428,-126,91,-19,0
1568115623430,-224,136,-2189,1579,-16428,-124,62,-23,0
1568115623438,-225,133,-2233,1630,-16472,-87,27,-2,0
1568115623449,-217,140,-2166,1627,-16422,-44,-6,-3,0
1568115623460,-212,147,-2257,1649,-16374,-30,-27,-4,0
1568115623468,-213,143,-2218,1640,-16336,-28,-35,-4,0
1568115623477,-218,136,-2219,1631,-16360,0,-24,-14,0
1568115623490,-218,136,-2253,1665,-16319,-20,-20,-22,0
1568115623497,-214,142,-2241,1624,-16342,-8,-10,-18,0
1568115623506,-212,147,-2213,1625,-16294,-17,23,-26,0
1568115623520,-212,147,-2245,1580,-16295,3,37,-31,0
1568115623527,-218,140,-2239,1619,-16354,12,63,-23,0
1568115623534,-223,132,-2255,1619,-16394,18,53,-25,0
1568115623550,-218,138,-2255,1602,-16418,4,79,-24,0
1568115623559,-208,148,-2218,1595,-16362,11,50,-13,0
1568115623566,-205,151,-2211,1595,-16352,24,64,-11,0
1568115623580,-206,147,-2225,1603,-16391,28,51,-6,0
1568115623588,-201,151,-2188,1579,-16362,36,39,-9,0
1568115623595,-195,156,-2237,1556,-16376,36,51,-23,0
1568115623610,-196,155,-2223,1593,-16376,27,43,-10,0
1568115623617,-201,150,-2230,1527,-16372,38,31,-7,0
1568115623627,-205,142,-2163,1556,-16367,37,12,18,0
1568115623642,-209,136,-2172,1522,-16397,25,3,17,0
1568115623647,-213,132,-2225,1544,-16371,5,-17,46,0
1568115623656,-211,133,-2239,1532,-16331,29,-26,34,0
1568115623670,-210,136,-2187,1580,-16343,25,-22,47,0
1568115623677,-208,137,-2163,1524,-16345,21,-22,49,0
1568115623685,-206,137,-2294,1562,-16326,7,-4,47,0
1568115623700,-204,137,-2194,1498,-16349,-13,-11,39,0
1568115623709,-206,135,-2188,1617,-16396,-15,-19,37,0
1568115623715,-210,134,-2275,1639,-16383,-58,-23,38,0
1568115623730,-211,135,-2185,1533,-16354,-44,-21,21,0
1568115623739,-213,135,-2292,1590,-16380,-44,-6,25,0
1568115623745,-208,137,-2194,1609,-16368,-61,0,2,0
1568115623760,-202,142,-2190,1623,-16362,-58,7,10,0
1568115623768,-197,151,-2251,1642,-16348,-53,13,-15,0
1568115623775,-196,152,-2244,1600,-16350,-47,19,-14,0
1568115623791,-198,150,-2237,1557,-16331,-47,16,-27,0
1568115623798,-198,148,-2208,1648,-16397,-48,31,-20,0
1568115623805,-200,146,-2201,1586,-16357,-33,12,-23,0
1568115623823,-203,143,-2275,1629,-16345,-27,-5,-14,0
1568115623828,-202,140,-2196,1626,-16344,-23,-16,1,0
1568115623837,-200,137,-2227,1614,-16318,-12,-3,-7,0
1568115623850,-199,137,-2258,1633,-16359,-7,5,-4,0
1568115623858,-200,138,-2199,1626,-16317,-9,-3,-14,0
1568115623865,-203,134,-2219,1619,-16311,-13,23,-31,0
1568115623880,-206,129,-2232,1672,-16345,-9,35,-41,0
1568115623889,-208,124,-2235,1638,-16359,-26,40,-25,0
1568115623895,-210,121,-2187,1636,-16402,-25,47,-33,0
1568115623910,-208,130,-2224,1631,-16386,-8,28,-23,0
1568115623917,-211,138,-2177,1645,-16340,20,4,-4,0
1568115623925,-240,137,-2181,1575,-16407,45,-16,9,0
1568115623940,-274,148,-2222,1625,-16414,18,-9,3,0
1568115623947,-284,176,-2223,1614,-16312,-3,-20,15,0
1568115623955,-268,198,-2210,1635,-16346,-4,-38,36,0
1568115623971,-249,201,-2171,1482,-16352,-16,-18,10,0
1568115623979,-236,192,-2230,1462,-16250,44,-33,46,0
1568115623986,-230,175,-2243,1508,-16270,66,-19,58,0
1568115624003,-227,154,-2257,1576,-16351,30,-12,67,0
1568115624008,-226,138,-2145,1634,-16338,8,1,80,0
1568115624015,-234,114,-2216,1663,-16361,-59,15,27,0
1568115624030,-247,93,-2206,1601,-16378,-108,18,-14,0
1568115624039,-252,83,-2187,1594,-16435,-120,17,-38,0
1568115624045,-243,90,-2283,1630,-16451,-124,20,-75,0
1568115624062,-222,106,-2270,1641,-16496,-103,-3,-86,0
1568115624067,-205,120,-2269,1667,-16410,-102,-48,-92,0
1568115624075,-205,117,-2233,1662,-16399,-85,-63,-83,0
1568115624091,-213,112,-2237,1658,-16289,-59,-93,-75,0
1568115624098,-222,108,-2217,1582,-16253,-68,-80,-71,0
1568115624107,-229,106,-2274,1587,-16227,-34,-28,-51,0
1568115624121,-226,109,-2314,1587,-16220,-54,-10,-2,0
1568115624127,-220,117,-2218,1517,-16214,-11,7,38,0
1568115624137,-220,123,-2343,1541,-16231,7,16,71,0
1568115624158,-218,129,-2301,1582,-16322,39,34,104,0
1568115624161,-215,132,-2220,1652,-16365,79,44,119,0
1568115624166,-210,139,-2261,1645,-16395,86,55,112,0
1568115624180,-209,142,-2309,1719,-16391,97,55,95,0
1568115624189,-212,142,-2220,1667,-16391,76,84,47,0
1568115624195,-215,145,-2262,1668,-16451,82,72,22,0
1568115624211,-219,146,-2231,1583,-16443,59,63,-4,0
1568115624217,-225,143,-2253,1610,-16410,43,59,-34,0
1568115624225,-229,142,-2199,1627,-16410,35,42,-52,0
1568115624240,-229,140,-2265,1622,-16345,38,59,-66,0
1568115624247,-225,144,-2274,1565,-16326,33,46,-80,0
1568115624262,-218,153,-2214,1530,-16323,57,60,-65,0
1568115624271,-208,162,-2257,1536,-16327,75,29,-33,0
1568115624279,-204,164,-2255,1535,-16305,92,42,-22,0
1568115624285,-205,160,-2232,1559,-16300,115,24,12,0
1568115624302,-214,152,-2206,1558,-16301,85,30,4,0
1568115624309,-219,146,-2240,1626,-16319,48,47,-19,0
1568115624316,-218,148,-2223,1614,-16329,-5,82,-44,0
1568115624331,-211,154,-2227,1600,-16378,-26,69,-51,0
1568115624338,-207,159,-2171,1484,-16386,-44,58,-44,0
1568115624346,-206,158,-2260,1529,-16472,-55,57,-33,0
1568115624360,-206,157,-2190,1512,-16445,-21,33,-16,0
1568115624370,-211,150,-2264,1575,-16396,1,17,-3,0
1568115624375,-215,148,-2228,1582,-16365,-5,-1,9,0
1568115624390,-212,151,-2177,1622,-16330,7,2,4,0
1568115624400,-209,150,-2265,1648,-16361,-4,13,-8,0
1568115624406,-208,149,-2188,1620,-16328,-13,8,-17,0
1568115624420,-205,153,-2224,1566,-16342,-36,8,-27,0
1568115624427,-203,156,-2249,1596,-16325,-35,8,-24,0
1568115624435,-204,153,-2217,1610,-16268,-33,9,-23,0
1568115624452,-210,143,-2174,1647,-16274,-19,42,-23,0
1568115624457,-217,140,-2194,1684,-16322,20,87,-45,0
1568115624465,-218,143,-2324,1633,-16312,61,72,-70,0
1568115624483,-220,143,-2215,1613,-16380,84,83,-70,0
1568115624487,-225,134,-2219,1604,-16390,96,74,-53,0
1568115624496,-229,129,-2231,1597,-16385,95,72,-54,0
1568115624510,-230,131,-2148,1645,-16450,79,65,-59,0
1568115624518,-226,136,-2245,1526,-16395,46,49,-31,0
1568115624527,-218,140,-2214,1512,-16428,53,52,-13,0
1568115624540,-216,140,-2232,1555,-16429,44,30,26,0
1568115624550,-218,134,-2145,1526,-16401,65,8,41,0
1568115624556,-217,135,-2200,1556,-16345,86,11,60,0
1568115624571,-213,139,-2178,1605,-16373,105,17,82,0
1568115624585,-207,144,-2239,1577,-16332,112,21,79,0
1568115624587,-211,141,-2238,1557,-16377,103,18,66,0
1568115624600,-215,137,-2219,1575,-16330,67,5,58,0
1568115624608,-213,137,-2121,1584,-16356,63,8,36,0
1568115624623,-211,138,-2202,1577,-16367,51,2,22,0
1568115624632,-207,144,-2160,1551,-16343,49,4,-17,0
1568115624639,-205,144,-2226,1589,-16357,75,26,-34,0
1568115624646,-210,137,-2173,1605,-16305,65,13,-55,0
1568115624659,-213,134,-2224,1532,-16326,70,31,-49,0
1568115624668,-213,134,-2225,1461,-16302,63,40,-25,0
1568115624675,-212,134,-2218,1482,-16364,26,54,17,0
1568115624690,-210,136,-2194,1516,-16349,30,69,31,0
1568115624698,-205,136,-2260,1543,-16378,8,81,33,0
1568115624705,-201,139,-2190,1561,-16388,-6,91,29,0
1568115624721,-198,141,-2187,1594,-16382,-4,74,18,0
1568115624728,-201,137,-2179,1601,-16366,10,55,-1,0
1568115624735,-211,128,-2190,1577,-16424,6,40,-34,0
1568115624751,-215,126,-2245,1563,-16377,27,8,-63,0
1568115624758,-210,129,-2179,1460,-16392,30,-9,-66,0
1568115624766,-194,132,-2282,1494,-16339,0,-21,-59,0
1568115624781,-185,129,-2233,1489,-16324,-18,-11,-21,0
1568115624789,-174,115,-2147,1563,-16350,-27,-4,-13,0
1568115624797,-158,85,-2223,1566,-16285,-12,30,8,0
1568115624810,-138,58,-2161,1498,-16311,-51,55,19,0
1568115624819,-120,43,-2206,1531,-16371,-65,43,11,0
1568115624825,-102,37,-2211,1645,-16388,-62,61,2,0
1568115624841,-87,41,-2232,1596,-16352,-96,60,-26,0
1568115624847,-86,50,-2073,1536,-16407,-67,42,-33,0
1568115624856,-102,55,-2233,1610,-16402,-46,17,-51,0
1568115624870,-122,65,-2231,1602,-16403,-7,-4,-23,0
1568115624878,-134,73,-2212,1595,-16405,13,-22,-46,0
1568115624887,-146,82,-2239,1583,-16415,2,-36,-34,0
1568115624901,-156,89,-2257,1589,-16336,-11,-18,-10,0
1568115624907,-165,93,-2222,1520,-16357,-27,-17,17,0
1568115624916,-174,93,-2238,1458,-16329,-24,-3,43,0
1568115624933,-188,90,-2285,1439,-16302,-4,-9,92,0
1568115624940,-204,86,-2181,1495,-16344,-12,5,131,0
1568115624945,-212,85,-2212,1609,-16365,-16,29,142,0
1568115624960,-215,86,-2203,1662,-16352,-54,29,101,0
1568115624968,-215,89,-2205,1666,-16426,-38,67,74,0
1568115624976,-218,91,-2170,1678,-16408,-23,70,24,0
1568115624991,-221,92,-2202,1685,-16427,-19,67,-30,0
1568115625000,-220,95,-2177,1620,-16494,-16,39,-48,0
1568115625006,-216,101,-2183,1572,-16474,3,12,-48,0
1568115625020,-212,110,-2199,1618,-16426,5,-26,-35,0
1568115625028,-214,113,-2219,1556,-16384,-14,-54,-25,0
1568115625035,-217,114,-2252,1541,-16265,-22,-65,-15,0
1568115625051,-221,113,-2247,1522,-16212,-48,-48,-18,0
1568115625061,-224,116,-2252,1550,-16236,-49,5,23,0
1568115625065,-221,124,-2268,1475,-16280,-48,15,59,0
1568115625081,-218,127,-2212,1522,-16275,-12,25,73,0
1568115625089,-221,127,-2233,1552,-16301,26,40,105,0
1568115625096,-226,123,-2231,1559,-16275,49,39,119,0
1568115625111,-228,122,-2194,1531,-16313,56,48,118,0
1568115625117,-228,124,-2190,1616,-16336,81,66,109,0
1568115625125,-226,127,-2151,1587,-16394,58,55,96,0
1568115625140,-219,135,-2207,1547,-16403,52,69,48,0
1568115625147,-215,138,-2161,1586,-16356,41,69,38,0
1568115625156,-214,141,-2223,1543,-16407,26,61,0,0
1568115625170,-214,139,-2191,1584,-16446,16,67,-16,0
1568115625179,-210,144,-2226,1579,-16461,-14,41,-48,0
1568115625185,-207,146,-2120,1620,-16379,-30,15,-72,0
1568115625200,-203,149,-2200,1563,-16313,-42,6,-83,0
1568115625209,-200,154,-2201,1425,-16352,-23,-10,-88,0
1568115625216,-204,155,-2186,1480,-16326,-3,-19,-69,0
1568115625230,-209,152,-2154,1511,-16338,26,-25,-35,0
1568115625237,-216,145,-2154,1529,-16231,30,-5,3,0
1568115625246,-221,138,-2172,1630,-16247,17,25,18,0
1568115625261,-220,135,-2151,1596,-16312,-26,57,10,0
1568115625267,-216,133,-2134,1610,-16396,-77,90,21,0
1568115625275,-216,132,-2242,1610,-16421,-124,78,-6,0
1568115625290,-220,127,-2244,1571,-16456,-131,72,3,0
1568115625298,-220,128,-2175,1619,-16424,-102,24,1,0
1568115625305,-220,131,-2137,1628,-16390,-78,1,-10,0
1568115625320,-220,135,-2193,1649,-16403,-59,-23,-30,0
1568115625328,-223,133,-2196,1656,-16417,-2,-26,-56,0
1568115625335,-222,133,-2244,1644,-16368,5,-54,-63,0
1568115625351,-217,136,-2238,1622,-16338,7,-42,-73,0
1568115625358,-211,140,-2189,1624,-16328,-1,-31,-54,0
1568115625366,-207,143,-2232,1601,-16274,-19,8,-72,0
1568115625381,-200,150,-2162,1559,-16268,-3,33,-65,0
1568115625389,-192,156,-2150,1596,-16277,-12,64,-56,0
1568115625395,-196,155,-2152,1590,-16289,-17,102,-57,0
1568115625411,-200,149,-2158,1605,-16404,4,116,-49,0
1568115625417,-199,152,-2177,1604,-16412,24,111,-58,0
1568115625425,-197,151,-2241,1585,-16384,41,86,-49,0
1568115625440,-198,147,-2202,1597,-16391,49,80,-30,0
1568115625448,-202,142,-2129,1565,-16370,41,79,-45,0
1568115625455,-210,136,-2112,1564,-16418,27,69,-58,0
1568115625470,-212,136,-2153,1582,-16355,16,60,-55,0
1568115625477,-210,136,-2168,1561,-16420,4,42,-58,0
1568115625486,-204,143,-2182,1507,-16362,-13,22,-46,0
1568115625501,-199,150,-2143,1481,-16424,-3,13,-23,0
1568115625507,-197,146,-2140,1489,-16405,22,-8,-2,0
1568115625515,-200,135,-2224,1559,-16379,13,-30,32,0
1568115625531,-203,130,-2157,1528,-16385,35,-22,71,0
1568115625545,-201,131,-2158,1527,-16344,29,-18,71,0
1568115625547,-203,131,-2178,1564,-16287,28,-26,84,0
1568115625560,-208,128,-2112,1583,-16345,25,-23,82,0
1568115625567,-210,128,-2168,1590,-16327,24,-20,83,0
1568115625575,-211,123,-2251,1599,-16345,-5,13,64,0
1568115625590,-212,122,-2188,1625,-16381,4,7,54,0
1568115625599,-208,128,-2171,1611,-16367,6,-5,33,0
1568115625608,-201,138,-2261,1583,-16388,23,8,9,0
1568115625620,-202,139,-2166,1586,-16404,19,6,9,0
1568115625629,-203,126,-2204,1624,-16404,40,-12,9,0
1568115625635,-203,118,-2182,1593,-16354,18,-2,3,0
1568115625650,-201,109,-2193,1627,-16378,20,-11,-35,0
1568115625659,-200,96,-2276,1634,-16367,8,3,-50,0
1568115625665,-183,85,-2144,1560,-16343,-6,-21,-75,0
1568115625681,-159,72,-2190,1571,-16377,-44,0,-95,0
1568115625687,-135,56,-2221,1557,-16384,-38,-9,-92,0
1568115625695,-115,52,-2203,1504,-16381,-25,-27,-83,0
1568115625712,-105,45,-2131,1461,-16406,-7,-45,-72,0
1568115625717,-104,31,-2163,1511,-16366,-6,-51,-53,0
1568115625727,-106,17,-2195,1554,-16376,4,-76,-35,0
1568115625740,-109,13,-2263,1597,-16422,0,-89,-53,0
1568115625749,-111,19,-2184,1613,-16389,3,-102,-76,0
1568115625755,-117,24,-2137,1546,-16369,-19,-135,-128,0
1568115625770,-133,24,-2193,1633,-16368,-40,-143,-150,0
1568115625780,-147,29,-2243,1668,-16374,-37,-158,-178,0
1568115625786,-149,45,-2169,1679,-16322,-48,-184,-236,0
1568115625801,-145,62,-2163,1715,-16350,-47,-184,-309,0
1568115625808,-146,72,-2187,1618,-16350,-35,-175,-349,0
1568115625816,-150,76,-2309,1598,-16362,-36,-199,-378,0
1568115625831,-156,77,-2311,1455,-16319,-62,-195,-357,0
1568115625837,-164,78,-2271,1331,-16271,-41,-180,-280,0
1568115625845,-172,78,-2332,1394,-16267,-31,-146,-194,0
1568115625870,-177,83,-2302,1513,-16303,-22,-100,-121,0
1568115625871,-180,87,-2243,1494,-16352,-15,-76,-51,0
1568115625875,-182,95,-2253,1582,-16339,-15,-10,-12,0
1568115625890,-182,102,-2298,1603,-16300,-13,32,21,0
1568115625897,-186,102,-2319,1565,-16280,4,50,47,0
1568115625905,-193,94,-2325,1516,-16371,53,25,62,0
1568115625920,-196,94,-2357,1541,-16399,30,15,79,0
1568115625928,-194,98,-2296,1582,-16340,18,12,109,0
1568115625935,-192,104,-2268,1637,-16394,1,13,96,0
1568115625949,-189,112,-2316,1624,-16461,-29,8,86,0
1568115625957,-187,120,-2310,1652,-16414,-11,37,81,0
1568115625965,-190,120,-2315,1617,-16403,-9,30,75,0
1568115625985,-192,120,-2337,1639,-16416,14,36,95,0
1568115625988,-192,123,-2260,1659,-16423,22,30,75,0
1568115626000,-195,124,-2263,1758,-16328,41,18,73,0
1568115626015,-202,120,-2247,1699,-16225,60,22,35,0
1568115626017,-210,116,-2223,1741,-16252,59,25,-9,0
1568115626032,-212,117,-2300,1682,-16238,54,37,-71,0
1568115626040,-207,123,-2261,1567,-16231,59,57,-88,0
1568115626047,-200,136,-2298,1530,-16265,95,60,-88,0
1568115626055,-196,143,-2246,1455,-16314,99,73,-69,0
1568115626071,-208,133,-2239,1470,-16297,101,77,-11,0
1568115626078,-214,131,-2216,1439,-16326,130,97,33,0
1568115626085,-209,139,-2204,1507,-16381,123,111,60,0
1568115626103,-204,142,-2175,1504,-16421,91,142,79,0
1568115626109,-204,142,-2234,1553,-16434,78,137,64,0
1568115626115,-207,139,-2182,1514,-16448,48,155,32,0
1568115626130,-212,139,-2241,1466,-16483,25,115,13,0
1568115626137,-215,140,-2207,1445,-16463,-11,77,13,0
1568115626147,-215,142,-2200,1462,-16497,-21,38,13,0
1568115626160,-212,145,-2277,1562,-16379,-49,20,7,0
1568115626167,-212,144,-2218,1574,-16241,-31,22,-22,0
1568115626174,-213,140,-2177,1479,-16310,-10,27,-37,0
1568115626190,-212,142,-2177,1520,-16340,2,9,-52,0
1568115626197,-210,146,-2202,1504,-16292,26,25,-59,0
1568115626206,-210,145,-2186,1508,-16268,12,20,-63,0
1568115626220,-216,137,-2165,1572,-16244,2,34,-65,0
1568115626230,-226,129,-2234,1567,-16301,-29,64,-82,0
1568115626235,-229,128,-2154,1516,-16370,-54,87,-64,0
1568115626251,-221,135,-2178,1548,-16374,-74,98,-78,0
1568115626258,-211,143,-2248,1524,-16449,-112,77,-50,0
1568115626266,-209,145,-2274,1564,-16512,-110,39,-63,0
1568115626281,-211,140,-2212,1538,-16424,-75,15,-47,0
1568115626287,-214,136,-2260,1543,-16356,-32,-26,-33,0
1568115626296,-216,133,-2182,1601,-16363,-3,-31,-14,0
1568115626310,-215,133,-2197,1591,-16328,4,-17,2,0
1568115626318,-218,128,-2265,1548,-16325,-5,3,5,0
1568115626325,-222,127,-2194,1548,-16337,-12,45,24,0
1568115626341,-217,132,-2119,1632,-16328,-35,72,27,0
1568115626347,-208,144,-2182,1586,-16322,-33,83,61,0
1568115626355,-202,150,-2223,1575,-16336,-4,72,61,0
1568115626370,-200,155,-2180,1596,-16368,23,66,51,0
1568115626378,-201,154,-2179,1637,-16366,48,63,55,0
1568115626385,-204,150,-2152,1648,-16384,72,46,34,0
1568115626400,-209,142,-2185,1615,-16400,92,29,25,0
1568115626407,-216,134,-2187,1631,-16380,89,26,-17,0
1568115626415,-220,130,-2191,1616,-16384,69,8,-31,0
1568115626430,-219,129,-2153,1582,-16373,71,20,-35,0
1568115626437,-216,132,-2097,1511,-16381,58,4,-43,0
1568115626446,-212,132,-2196,1488,-16352,61,-2,-47,0
1568115626461,-212,129,-2184,1469,-16328,73,12,-28,0
1568115626468,-212,127,-2190,1508,-16337,75,15,-32,0
1568115626476,-215,127,-2188,1475,-16349,67,-4,-27,0
1568115626490,-218,128,-2182,1508,-16327,63,30,-30,0
1568115626498,-213,137,-2208,1510,-16406,68,-10,-41,0
1568115626505,-207,141,-2217,1472,-16324,52,1,-53,0
1568115626520,-208,138,-2226,1446,-16422,21,-20,-48,0
1568115626529,-214,130,-2220,1448,-16343,19,-33,-15,0
1568115626536,-222,121,-2191,1498,-16353,18,-36,6,0
1568115626550,-232,108,-2218,1479,-16372,21,-34,31,0
1568115626559,-235,104,-2272,1515,-16330,-11,-25,52,0
1568115626565,-229,113,-2223,1500,-16350,-18,-19,80,0
1568115626579,-224,123,-2218,1504,-16331,-46,-29,85,0
1568115626587,-222,127,-2278,1581,-16328,-51,-21,80,0
1568115626595,-217,130,-2254,1542,-16340,-56,-5,65,0
1568115626610,-214,131,-2323,1524,-16389,-28,13,66,0
1568115626617,-211,136,-2231,1584,-16315,-10,-7,38,0
1568115626626,-207,144,-2193,1567,-16351,-20,10,31,0
1568115626640,-202,148,-2203,1573,-16365,-10,6,7,0
1568115626648,-198,148,-2186,1529,-16356,-3,28,17,0
1568115626655,-193,154,-2209,1584,-16326,1,40,-14,0
1568115626670,-184,161,-2271,1518,-16344,-14,14,-32,0
1568115626678,-185,160,-2193,1567,-16349,2,3,-48,0
1568115626685,-197,148,-2267,1545,-16378,-9,-8,-60,0
1568115626700,-211,134,-2239,1590,-16375,-9,-23,-51,0
1568115626712,-215,130,-2220,1559,-16284,-9,-17,-55,0
1568115626715,-208,139,-2196,1536,-16373,-10,-4,-60,0
1568115626730,-204,143,-2290,1622,-16402,-27,9,-55,0
1568115626738,-209,138,-2284,1527,-16369,-6,3,-36,0
1568115626744,-213,136,-2176,1511,-16380,8,4,-10,0
1568115626760,-208,145,-2269,1507,-16410,0,9,15,0
1568115626768,-211,155,-2197,1532,-16393,36,-2,36,0
1568115626775,-213,159,-2268,1522,-16315,32,-15,72,0
1568115626790,-220,160,-2261,1575,-16318,42,7,64,0
1568115626797,-236,174,-2246,1496,-16279,69,48,63,0
1568115626805,-254,201,-2280,1486,-16283,113,54,61,0
1568115626819,-268,224,-2303,1515,-16318,130,61,52,0
1568115626828,-272,228,-2221,1531,-16400,119,61,60,0
1568115626835,-270,220,-2227,1543,-16352,81,71,69,0
1568115626850,-259,209,-2136,1568,-16392,40,71,49,0
1568115626860,-245,204,-2307,1560,-16400,-4,107,31,0
1568115626865,-242,196,-2223,1518,-16456,-35,103,14,0
1568115626880,-243,189,-2254,1543,-16445,-26,106,3,0
1568115626889,-248,177,-2283,1446,-16435,-36,91,17,0
1568115626896,-245,171,-2258,1539,-16429,-15,53,25,0
1568115626910,-248,163,-2229,1523,-16394,-28,56,56,0
1568115626918,-250,155,-2296,1545,-16287,-18,54,74,0
1568115626926,-252,152,-2276,1576,-16234,-27,46,101,0
1568115626941,-250,153,-2264,1573,-16246,-4,80,95,0
1568115626948,-250,149,-2182,1591,-16308,-9,109,86,0
1568115626955,-251,148,-2204,1633,-16295,32,95,47,0
1568115626970,-253,143,-2249,1602,-16376,72,88,53,0
1568115626977,-254,141,-2212,1604,-16413,86,55,12,0
1568115626985,-255,143,-2200,1541,-16390,108,31,-27,0
1568115627000,-259,144,-2142,1465,-16417,98,29,-54,0
1568115627008,-255,143,-2170,1571,-16440,84,20,-73,0
1568115627015,-244,139,-2154,1482,-16414,70,38,-85,0
1568115627030,-238,135,-2119,1437,-16385,49,47,-89,0
1568115627037,-235,135,-2157,1446,-16382,31,62,-88,0
1568115627046,-232,134,-2171,1496,-16439,39,79,-72,0
1568115627059,-231,132,-2172,1447,-16387,5,84,-65,0
1568115627067,-232,132,-2166,1488,-16428,-26,73,-46,0
1568115627075,-229,137,-2224,1471,-16295,-27,58,-34,0
1568115627090,-224,139,-2169,1478,-16371,-37,50,-16,0
1568115627098,-220,141,-2147,1421,-16352,-46,33,11,0
1568115627106,-222,136,-2103,1484,-16320,-42,5,34,0
1568115627121,-224,131,-2111,1488,-16308,-25,12,76,0
1568115627130,-214,138,-2187,1510,-16256,-17,27,94,0
1568115627135,-207,147,-2143,1517,-16179,-1,71,115,0
1568115627149,-208,149,-2151,1528,-16303,2,127,124,0
1568115627158,-205,154,-2172,1570,-16390,-3,139,118,0
1568115627165,-189,170,-2162,1583,-16449,-1,131,126,0
1568115627180,-176,181,-2129,1577,-16507,-15,89,127,0
1568115627188,-179,172,-2084,1590,-16470,-19,45,101,0
1568115627195,-197,154,-2175,1613,-16408,-37,13,87,0
1568115627210,-214,138,-2141,1562,-16389,-43,-8,44,0
1568115627217,-221,132,-2149,1526,-16350,-49,-22,47,0
1568115627227,-220,133,-2187,1515,-16323,-32,-25,27,0
1568115627240,-221,130,-2244,1511,-16351,-19,-6,27,0
1568115627247,-219,131,-2144,1600,-16280,-19,-7,49,0
1568115627258,-222,126,-2244,1492,-16359,1,6,45,0
1568115627270,-223,125,-2141,1567,-16335,2,14,50,0
1568115627278,-216,133,-2167,1520,-16270,14,20,45,0
1568115627285,-211,141,-2090,1545,-16380,7,37,35,0
1568115627300,-207,149,-2168,1550,-16344,-4,35,51,0
1568115627307,-207,145,-2138,1538,-16348,0,57,59,0
1568115627315,-200,151,-2195,1518,-16387,-18,43,64,0
1568115627330,-192,157,-2172,1528,-16361,6,56,64,0
1568115627337,-186,162,-2156,1481,-16394,5,75,92,0
1568115627344,-180,165,-2172,1504,-16368,23,52,110,0
1568115627360,-184,159,-2186,1529,-16385,49,52,104,0
1568115627367,-192,150,-2128,1486,-16391,55,27,123,0
1568115627376,-195,149,-2235,1476,-16401,67,15,126,0
1568115627391,-200,144,-2073,1548,-16358,56,-7,107,0
1568115627397,-205,142,-2155,1502,-16397,35,-23,111,0
1568115627405,-211,134,-2100,1512,-16349,32,-21,96,0
1568115627420,-219,126,-2091,1514,-16352,11,-37,103,0
1568115627427,-223,122,-2089,1543,-16329,-10,-26,108,0
1568115627435,-228,115,-2175,1529,-16341,-8,-53,86,0
1568115627450,-228,110,-2145,1570,-16351,-17,-35,76,0
1568115627457,-227,114,-2209,1568,-16355,-11,-34,80,0
1568115627465,-226,116,-2231,1550,-16361,-32,-44,53,0
1568115627480,-228,114,-2175,1567,-16331,-26,-23,56,0
1568115627491,-224,116,-2148,1571,-16344,-46,-17,34,0
1568115627494,-220,121,-2206,1560,-16350,-37,-11,6,0
1568115627510,-222,114,-2171,1541,-16303,-52,10,8,0
1568115627517,-227,103,-2180,1526,-16324,-30,-2,-17,0
1568115627525,-233,95,-2188,1494,-16379,-24,-24,-21,0
1568115627543,-234,95,-2226,1533,-16435,-11,-18,-43,0
1568115627547,-228,101,-2167,1553,-16367,-13,-45,-41,0
1568115627558,-224,109,-2111,1496,-16353,1,-28,-36,0
1568115627571,-226,111,-2185,1488,-16332,-11,-44,-23,0
1568115627577,-228,109,-2284,1489,-16335,-43,-28,-10,0
1568115627585,-229,106,-2209,1490,-16382,-56,-48,-1,0
1568115627600,-228,104,-2134,1460,-16302,-67,-20,16,0
1568115627608,-227,101,-2197,1525,-16292,-62,7,32,0
1568115627615,-229,95,-2243,1491,-16343,-40,7,61,0
1568115627630,-227,93,-2158,1496,-16361,-39,49,73,0
1568115627645,-222,100,-2155,1532,-16340,-11,32,96,0
1568115627647,-215,107,-2107,1599,-16358,12,46,102,0
1568115627660,-207,114,-2166,1599,-16398,-4,34,92,0
1568115627668,-194,130,-2222,1631,-16397,-19,25,77,0
1568115627675,-178,150,-2175,1599,-16379,-17,17,47,0
1568115627690,-174,158,-2146,1613,-16328,-9,1,25,0
1568115627697,-184,148,-2182,1561,-16405,-30,-6,-2,0
1568115627705,-200,126,-2161,1570,-16424,-6,-29,-22,0
1568115627727,-207,112,-2139,1589,-16377,-11,-37,-19,0
1568115627729,-212,108,-2188,1543,-16290,6,-3,-36,0
1568115627735,-218,107,-2184,1454,-16297,42,9,-44,0
1568115627750,-215,115,-2204,1393,-16269,85,23,-14,0
1568115627757,-211,116,-2282,1470,-16302,104,47,11,0
1568115627765,-210,113,-2157,1515,-16362,61,47,33,0
1568115627779,-211,115,-2163,1538,-16360,20,77,40,0
1568115627788,-208,121,-2183,1560,-16397,-62,82,39,0
1568115627795,-205,127,-2273,1486,-16377,-112,86,38,0
1568115627810,-209,125,-2152,1516,-16428,-117,87,28,0
1568115627822,-214,127,-2132,1498,-16457,-114,77,9,0
1568115627824,-212,132,-2250,1552,-16467,-76,39,8,0
1568115627843,-209,140,-2208,1595,-16461,-40,3,14,0
1568115627847,-209,139,-2140,1658,-16389,-10,-46,2,0
1568115627857,-210,133,-2207,1634,-16340,-1,-62,-6,0
1568115627871,-211,131,-2050,1676,-16267,-11,-55,-54,0
1568115627878,-211,131,-2226,1601,-16239,-42,-50,-68,0
1568115627892,-213,127,-2186,1530,-16264,-62,-38,-62,0
1568115627904,-215,126,-2174,1449,-16301,-47,-5,-33,0
1568115627908,-218,123,-2308,1455,-16294,-17,-10,1,0
1568115627915,-219,122,-2258,1438,-16279,1,5,51,0
1568115627930,-218,123,-2196,1533,-16293,42,36,88,0
1568115627937,-215,127,-2182,1575,-16344,77,76,92,0
1568115627945,-210,133,-2226,1588,-16382,85,98,69,0
1568115627960,-208,135,-2218,1608,-16411,62,117,57,0
1568115627970,-211,132,-2137,1615,-16393,29,114,6,0
1568115627974,-212,132,-2144,1638,-16516,-10,110,-4,0
1568115627989,-214,132,-2210,1538,-16453,-28,110,-47,0
1568115627997,-213,131,-2239,1543,-16402,-55,85,-41,0
1568115628005,-213,128,-2100,1583,-16430,-48,31,-69,0
1568115628022,-219,123,-2120,1575,-16372,-45,22,-82,0
1568115628028,-220,124,-2236,1532,-16309,-32,1,-98,0
1568115628037,-208,133,-2165,1543,-16374,10,-13,-96,0
1568115628050,-197,142,-2180,1444,-16315,-2,-1,-83,0
1568115628058,-196,144,-2189,1460,-16244,8,6,-87,0
1568115628064,-205,138,-2192,1486,-16309,-22,20,-55,0
1568115628080,-209,133,-2131,1496,-16283,-37,50,-23,0
1568115628088,-204,137,-2183,1504,-16289,-74,91,1,0
1568115628095,-197,144,-2187,1488,-16363,-88,104,33,0
1568115628111,-198,144,-2225,1579,-16415,-93,101,37,0
1568115628121,-203,139,-2175,1559,-16415,-48,96,44,0
1568115628125,-207,135,-2182,1621,-16462,-12,69,40,0
1568115628140,-209,134,-2229,1619,-16434,20,50,18,0
1568115628147,-216,135,-2210,1704,-16420,44,9,-7,0
1568115628157,-215,144,-2200,1613,-16422,26,10,-34,0
1568115628174,-216,160,-2070,1613,-16396,24,-19,-33,0
1568115628178,-230,174,-2154,1551,-16340,25,-25,-37,0
1568115628185,-243,186,-2131,1551,-16320,17,-7,-28,0
1568115628201,-245,189,-2165,1575,-16347,10,9,-13,0
1568115628207,-239,176,-2157,1536,-16328,26,52,-2,0
1568115628216,-226,154,-2089,1543,-16317,27,62,-8,0
1568115628230,-224,127,-2151,1548,-16312,28,68,10,0
1568115628238,-229,112,-2131,1577,-16352,34,71,2,0
1568115628245,-241,107,-2149,1577,-16340,27,60,-11,0
1568115628260,-251,103,-2162,1628,-16408,34,45,-31,0
1568115628271,-252,96,-2093,1556,-16412,66,55,-44,0
1568115628275,-244,94,-2092,1530,-16386,66,49,-50,0
1568115628290,-240,93,-2111,1515,-16380,69,32,-33,0
1568115628298,-243,90,-2070,1546,-16416,65,44,-26,0
1568115628305,-249,89,-2147,1502,-16416,39,50,-27,0
1568115628321,-248,97,-2113,1511,-16325,23,28,-23,0
1568115628328,-242,104,-2194,1493,-16397,18,17,-14,0
1568115628336,-234,109,-2178,1485,-16373,1,12,-6,0
1568115628351,-232,106,-2171,1466,-16360,23,-14,20,0
1568115628358,-234,105,-2174,1452,-16318,25,-10,34,0
1568115628366,-237,107,-2129,1457,-16307,27,0,66,0
1568115628380,-236,112,-2252,1505,-16362,12,23,89,0
1568115628388,-231,120,-2187,1529,-16337,26,19,99,0
1568115628397,-222,130,-2174,1586,-16394,-24,62,86,0
1568115628410,-218,137,-2111,1589,-16386,-40,61,68,0
1568115628419,-222,136,-2163,1612,-16394,-27,70,40,0
1568115628425,-231,132,-2109,1630,-16400,-50,52,26,0
1568115628441,-232,137,-2158,1580,-16469,-42,38,-5,0
1568115628447,-231,142,-2160,1559,-16380,-44,19,-16,0
1568115628455,-226,151,-2135,1543,-16378,-2,0,-15,0
1568115628470,-225,151,-2117,1560,-16354,2,-17,-20,0
1568115628479,-229,144,-2105,1616,-16347,25,17,-18,0
1568115628486,-233,138,-2120,1529,-16345,22,16,-23,0
1568115628502,-231,142,-2156,1553,-16357,19,42,-27,0
1568115628516,-228,149,-2283,1549,-16327,19,34,-26,0
1568115628524,-227,151,-2206,1490,-16361,19,31,-18,0
1568115628530,-224,153,-2183,1508,-16361,36,63,2,0
1568115628537,-225,152,-2222,1494,-16344,25,56,29,0
1568115628545,-232,148,-2143,1501,-16388,39,71,44,0
1568115628560,-232,146,-2163,1544,-16355,23,68,61,0
1568115628570,-231,142,-2153,1539,-16358,41,72,70,0
1568115628575,-234,138,-2131,1562,-16373,45,59,78,0
1568115628590,-234,139,-2095,1566,-16391,33,42,54,0
1568115628598,-226,144,-2131,1575,-16372,11,32,45,0
1568115628607,-221,148,-2124,1615,-16395,-5,6,6,0
1568115628624,-220,149,-2181,1526,-16414,-21,-1,23,0
1568115628628,-218,149,-2188,1510,-16391,-22,-5,13,0
1568115628636,-213,152,-2179,1516,-16372,-11,-21,31,0
1568115628652,-214,149,-2110,1573,-16397,19,-21,5,0
1568115628657,-216,150,-2181,1616,-16433,24,-25,-6,0
1568115628668,-215,148,-2092,1610,-16387,6,-7,-24,0
1568115628681,-211,149,-2218,1550,-16344,-21,7,-34,0
1568115628687,-214,146,-2126,1439,-16275,5,24,-42,0
1568115628695,-212,151,-2069,1410,-16271,7,24,-30,0
1568115628710,-207,158,-2056,1499,-16334,22,24,26,0
1568115628719,-205,156,-2132,1492,-16379,11,29,42,0
1568115628725,-209,148,-2024,1592,-16380,-26,27,37,0
1568115628740,-212,140,-2073,1598,-16416,-50,34,9,0
1568115628748,-209,140,-2069,1593,-16495,-58,23,-10,0
1568115628755,-205,147,-2128,1597,-16433,-85,45,-42,0
1568115628771,-203,150,-2147,1631,-16392,-89,32,-60,0
1568115628777,-207,148,-2127,1576,-16435,-97,13,-76,0
1568115628785,-213,141,-2234,1573,-16436,-64,-13,-67,0
1568115628801,-219,139,-2150,1562,-16349,-49,-37,-56,0
1568115628807,-222,138,-2146,1597,-16294,-22,-44,-27,0
1568115628817,-226,139,-2134,1537,-16225,-27,-20,-17,0
1568115628830,-220,144,-2153,1563,-16245,-11,3,0,0
1568115628837,-214,150,-2151,1497,-16286,-20,9,36,0
1568115628846,-212,148,-2174,1516,-16274,-6,32,39,0
1568115628860,-209,149,-2163,1501,-16298,39,25,89,0
1568115628867,-209,152,-2155,1501,-16366,63,33,100,0
1568115628875,-212,150,-2190,1525,-16362,71,17,118,0
1568115628890,-214,144,-2105,1611,-16368,73,45,122,0
1568115628898,-218,141,-2126,1528,-16408,67,55,90,0
1568115628905,-221,140,-2069,1604,-16446,57,76,63,0
1568115628920,-216,147,-2121,1570,-16422,57,72,42,0
1568115628927,-214,152,-2118,1540,-16450,45,97,9,0
1568115628935,-212,150,-2196,1507,-16469,47,54,2,0
1568115628951,-211,144,-2160,1527,-16422,37,42,-14,0
1568115628957,-213,141,-2090,1562,-16414,12,-2,-25,0
1568115628970,-216,140,-2094,1557,-16282,-3,9,-23,0
1568115628980,-212,144,-2130,1488,-16331,1,3,-51,0
1568115628987,-212,140,-2185,1490,-16329,8,-18,-31,0
1568115628998,-213,138,-2145,1472,-16217,32,-5,-20,0
1568115629010,-213,138,-2124,1437,-16232,30,5,0,0
1568115629017,-210,144,-2070,1484,-16250,30,34,16,0
1568115629025,-206,144,-2125,1493,-16328,7,71,19,0
1568115629040,-202,144,-2078,1523,-16318,-12,75,34,0
1568115629048,-202,143,-2094,1472,-16422,-35,89,52,0
1568115629055,-199,145,-2124,1547,-16482,-50,65,53,0
1568115629070,-189,149,-2134,1565,-16518,-59,32,46,0
1568115629080,-192,148,-2095,1612,-16468,-54,2,10,0
1568115629087,-199,142,-2190,1605,-16398,-31,-31,11,0
1568115629102,-206,137,-2099,1590,-16362,-30,-46,-29,0
1568115629107,-210,132,-2157,1577,-16293,-36,-54,-30,0
1568115629115,-210,131,-2173,1535,-16301,-23,-9,-13,0
1568115629133,-212,129,-2104,1500,-16345,-3,11,-4,0
1568115629137,-212,130,-2121,1566,-16303,-9,45,0,0
1568115629145,-213,128,-2132,1564,-16312,4,75,11,0
1568115629160,-215,128,-2188,1549,-16360,33,87,15,0
1568115629169,-213,129,-2168,1595,-16375,57,83,3,0
1568115629177,-204,134,-2171,1606,-16425,47,83,-2,0
1568115629191,-206,133,-2146,1598,-16444,79,72,-31,0
1568115629199,-212,131,-2161,1591,-16419,75,53,-35,0
1568115629205,-218,127,-2053,1597,-16417,70,34,-61,0
1568115629220,-221,126,-2069,1586,-16348,55,26,-69,0
1568115629231,-223,125,-2094,1519,-16393,53,21,-80,0
1568115629237,-218,127,-2158,1475,-16343,43,42,-51,0
1568115629251,-216,129,-2116,1441,-16339,87,27,-40,0
1568115629258,-210,135,-2031,1421,-16354,78,15,-27,0
1568115629266,-205,138,-2152,1449,-16404,112,1,6,0
1568115629280,-208,135,-2069,1455,-16359,108,0,21,0
1568115629295,-217,128,-2045,1474,-16328,110,8,39,0
1568115629297,-217,128,-2054,1451,-16349,107,-11,55,0
1568115629311,-209,136,-2138,1505,-16352,68,-2,58,0
1568115629321,-203,137,-2101,1522,-16408,37,-3,52,0
1568115629325,-208,132,-2161,1515,-16372,13,8,56,0
1568115629340,-215,122,-2081,1519,-16400,-20,5,52,0
1568115629349,-219,116,-2102,1488,-16368,-19,-35,9,0
1568115629357,-221,116,-2103,1483,-16374,-49,-49,27,0
1568115629370,-219,116,-2117,1521,-16329,-20,-55,20,0
1568115629377,-214,120,-2056,1476,-16352,-11,-71,-1,0
1568115629386,-210,123,-2075,1517,-16305,-3,-41,4,0
1568115629400,-207,121,-2128,1512,-16319,23,-41,-22,0
1568115629408,-214,114,-2116,1606,-16327,9,-18,-27,0
1568115629417,-219,113,-2134,1497,-16410,8,-10,-33,0
1568115629430,-218,114,-2104,1547,-16415,-16,3,-42,0
1568115629438,-212,110,-2135,1525,-16365,-42,-3,-68,0
1568115629446,-206,108,-2143,1519,-16414,-68,-27,-70,0
1568115629464,-188,102,-2114,1557,-16391,-94,-39,-90,0
1568115629468,-156,88,-2055,1531,-16397,-84,-61,-122,0
1568115629476,-120,76,-2196,1496,-16378,-95,-67,-140,0
1568115629490,-101,65,-2224,1521,-16353,-71,-89,-150,0
1568115629498,-96,54,-2084,1552,-16383,-72,-55,-155,0
1568115629507,-88,54,-2201,1474,-16363,-51,-58,-141,0
1568115629520,-91,58,-2149,1465,-16341,-21,-49,-89,0
1568115629529,-102,69,-2161,1512,-16344,6,-21,-56,0
1568115629536,-113,81,-2157,1482,-16455,24,-34,-11,0
1568115629550,-129,84,-2085,1568,-16413,37,-27,34,0
1568115629557,-138,90,-2118,1570,-16347,25,-4,39,0
1568115629566,-146,100,-2197,1490,-16329,16,-29,59,0
1568115629582,-148,110,-2169,1452,-16289,56,-23,81,0
1568115629588,-160,112,-2156,1482,-16277,86,-21,107,0
1568115629603,-168,117,-2153,1513,-16370,64,-14,113,0
1568115629611,-173,119,-2137,1585,-16385,47,-3,55,0
1568115629617,-185,118,-2156,1608,-16462,18,9,24,0
1568115629625,-196,114,-2112,1587,-16451,-8,10,-4,0
1568115629640,-200,116,-2175,1532,-16391,-30,34,-39,0
1568115629649,-208,118,-2106,1454,-16433,-34,34,-48,0
1568115629654,-216,119,-2155,1522,-16468,-34,24,-41,0
1568115629670,-221,119,-2186,1467,-16388,-6,11,-43,0
1568115629677,-219,127,-2153,1458,-16359,-2,-13,-16,0
1568115629685,-211,134,-2137,1531,-16247,-3,-21,9,0
1568115629700,-208,132,-2140,1504,-16269,-15,-25,37,0
1568115629707,-215,126,-2152,1492,-16273,-15,-8,46,0
1568115629716,-218,126,-2153,1485,-16246,-17,32,35,0
1568115629730,-220,128,-2216,1549,-16271,11,55,78,0
1568115629737,-224,128,-2141,1510,-16351,36,41,83,0
1568115629746,-225,126,-2205,1578,-16400,51,38,70,0
1568115629760,-220,133,-2127,1570,-16393,74,37,62,0
1568115629767,-221,131,-2098,1583,-16408,74,34,34,0
1568115629775,-225,128,-2136,1515,-16388,70,37,9,0
1568115629790,-230,123,-2138,1450,-16333,46,52,-9,0
1568115629798,-236,117,-2166,1462,-16361,61,44,-20,0
1568115629805,-238,115,-2078,1450,-16402,34,55,-14,0
1568115629820,-231,119,-2146,1476,-16400,36,68,-21,0
1568115629827,-224,124,-2109,1436,-16381,7,61,-5,0
1568115629836,-218,129,-2138,1508,-16451,-12,53,17,0
1568115629850,-224,126,-2132,1477,-16363,-28,27,5,0
1568115629859,-233,119,-2101,1534,-16387,-37,4,-10,0
1568115629865,-235,117,-2163,1541,-16362,-38,-23,5,0
1568115629882,-230,120,-2097,1501,-16332,-23,-12,-11,0
1568115629889,-225,125,-2135,1552,-16271,-34,-18,-2,0
1568115629895,-215,135,-2154,1448,-16238,-46,20,-29,0
1568115629910,-210,139,-2137,1462,-16270,-26,54,-28,0
1568115629917,-208,144,-2126,1541,-16337,-40,85,-34,0
1568115629925,-207,142,-2053,1511,-16376,-39,85,-37,0
1568115629940,-206,139,-2184,1547,-16447,-61,74,-31,0
1568115629947,-204,140,-2116,1532,-16454,-42,46,-20,0
1568115629955,-198,147,-2095,1545,-16419,-18,27,-40,0
1568115629971,-202,144,-2064,1617,-16458,-9,-1,-63,0
1568115629977,-212,135,-2153,1524,-16373,2,-7,-69,0
1568115629985,-218,131,-2182,1542,-16381,-4,-24,-60,0
1568115630000,-212,137,-2154,1514,-16359,-3,-19,-33,0
1568115630008,-209,140,-2137,1479,-16367,0,-11,-17,0
1568115630015,-206,139,-2124,1468,-16343,-4,-3,28,0
1568115630030,-207,137,-2145,1500,-16297,11,3,81,0
1568115630038,-205,140,-2179,1539,-16346,26,43,85,0
1568115630046,-196,147,-2137,1603,-16349,27,66,89,0
1568115630061,-189,149,-2069,1585,-16331,50,76,67,0
1568115630067,-189,150,-2149,1597,-16413,58,64,30,0
1568115630076,-190,149,-2116,1609,-16381,69,52,0,0
1568115630091,-197,145,-2125,1604,-16402,95,46,-31,0
1568115630097,-206,140,-2172,1556,-16374,94,37,-76,0
1568115630105,-212,133,-2126,1531,-16404,96,28,-74,0
1568115630120,-213,129,-2139,1458,-16395,94,30,-59,0
1568115630127,-218,126,-2106,1477,-16342,97,13,-22,0
1568115630135,-219,125,-2200,1448,-16374,90,14,-14,0
1568115630150,-214,126,-2146,1449,-16396,90,25,-4,0
1568115630158,-209,129,-2242,1445,-16391,87,13,31,0
1568115630166,-207,133,-2110,1469,-16329,69,4,41,0
1568115630180,-206,135,-2114,1442,-16332,62,4,48,0
1568115630188,-205,134,-2128,1432,-16315,53,9,65,0
1568115630196,-200,140,-2140,1425,-16326,42,19,70,0
1568115630210,-196,145,-2117,1428,-16372,53,7,87,0
1568115630217,-194,151,-2111,1426,-16384,45,21,92,0
1568115630225,-195,149,-2064,1477,-16384,40,12,116,0
1568115630240,-199,139,-2096,1520,-16350,33,5,116,0
1568115630248,-205,131,-2112,1507,-16359,9,-9,83,0
1568115630256,-201,134,-2057,1512,-16424,-6,-9,48,0
1568115630271,-195,139,-2114,1492,-16413,-25,-11,16,0
1568115630278,-194,140,-2064,1517,-16384,-31,-17,-10,0
1568115630287,-194,146,-2208,1591,-16425,-41,-42,-57,0
1568115630300,-194,147,-2175,1498,-16381,-31,-49,-57,0
1568115630309,-204,141,-2069,1457,-16370,-27,-54,-67,0
1568115630315,-210,135,-2159,1430,-16327,-31,-56,-47,0
1568115630330,-209,139,-2152,1462,-16376,-37,-42,-24,0
1568115630338,-207,141,-2160,1472,-16296,-40,-16,-5,0
1568115630346,-205,139,-2159,1496,-16374,-42,15,10,0
1568115630362,-201,138,-2133,1496,-16338,-39,1,31,0
1568115630367,-206,134,-2144,1554,-16315,-51,12,10,0
1568115630375,-211,132,-2086,1525,-16403,-68,24,10,0
1568115630391,-203,138,-2140,1604,-16417,-72,-8,-11,0
1568115630398,-200,142,-2110,1509,-16369,-62,-28,-23,0
1568115630405,-202,136,-2128,1544,-16392,-50,-17,-26,0
1568115630420,-204,129,-2184,1518,-16360,-34,-36,-36,0
1568115630429,-208,124,-2176,1500,-16351,-41,-42,-31,0
1568115630436,-201,130,-2179,1480,-16352,-7,-37,-5,0
1568115630450,-194,136,-2135,1486,-16389,-14,-44,0,0
1568115630458,-199,130,-2209,1448,-16331,1,-12,26,0
1568115630467,-201,125,-2161,1518,-16359,22,5,53,0
1568115630480,-195,125,-2166,1484,-16376,42,2,71,0
1568115630487,-201,116,-2223,1407,-16287,81,18,100,0
1568115630497,-204,104,-2171,1473,-16350,92,10,91,0
1568115630511,-197,96,-2102,1576,-16422,78,16,105,0
1568115630519,-186,88,-2188,1535,-16408,13,16,68,0
1568115630526,-170,74,-2112,1525,-16394,-28,18,35,0
1568115630540,-143,60,-2138,1548,-16429,-68,26,6,0
1568115630547,-121,46,-2104,1536,-16405,-83,24,-47,0
1568115630555,-106,38,-2151,1538,-16452,-85,15,-69,0
1568115630570,-99,32,-2130,1469,-16442,-62,1,-110,0
1568115630577,-103,28,-2130,1523,-16415,-34,-14,-81,0
1568115630586,-110,26,-2175,1487,-16332,-6,-45,-85,0
1568115630600,-116,30,-2156,1535,-16228,-29,-50,-52,0
1568115630607,-129,39,-2230,1544,-16242,-55,-38,-60,0
1568115630617,-139,55,-2223,1481,-16272,-77,-10,-43,0
1568115630630,-148,62,-2237,1525,-16311,-93,13,-28,0
1568115630638,-160,64,-2200,1450,-16227,-72,35,23,0
1568115630645,-167,69,-2227,1428,-16312,-37,12,58,0
1568115630661,-168,76,-2142,1469,-16353,-5,9,60,0
1568115630668,-172,78,-2171,1540,-16351,29,9,103,0
1568115630676,-170,81,-2161,1528,-16328,53,39,96,0
1568115630690,-167,85,-2196,1615,-16372,33,40,67,0
1568115630698,-169,91,-2203,1572,-16395,29,71,52,0
1568115630706,-171,100,-2176,1562,-16361,-1,74,12,0
1568115630720,-173,105,-2117,1450,-16418,-12,85,-5,0
1568115630728,-185,98,-2142,1517,-16433,8,71,2,0
1568115630735,-192,97,-2106,1540,-16388,10,50,-22,0
1568115630751,-189,104,-2104,1532,-16406,13,20,-37,0
1568115630760,-186,115,-2127,1533,-16335,17,13,-49,0
1568115630766,-186,121,-2150,1527,-16328,30,10,-67,0
1568115630780,-184,124,-2145,1526,-16313,27,-7,-46,0
1568115630792,-185,128,-2145,1498,-16335,6,-4,-38,0
1568115630795,-186,128,-2188,1483,-16262,17,-5,-24,0
1568115630809,-191,121,-2116,1490,-16287,2,-7,-25,0
1568115630817,-199,117,-2117,1519,-16301,-20,33,-25,0
1568115630827,-203,116,-2109,1495,-16325,-22,63,-38,0
1568115630842,-199,122,-2161,1428,-16396,-55,70,-28,0
1568115630847,-201,123,-2123,1474,-16435,-38,63,-7,0
1568115630855,-206,125,-2170,1509,-16454,-36,25,14,0
1568115630870,-209,126,-2129,1532,-16450,-12,12,17,0
1568115630877,-211,128,-2089,1593,-16413,-13,-19,20,0
1568115630884,-206,130,-2133,1546,-16408,-35,-10,-19,0
1568115630900,-197,129,-2156,1512,-16434,-46,-37,-24,0
1568115630910,-201,130,-2160,1535,-16434,-76,-45,-47,0
1568115630915,-203,133,-2152,1503,-16383,-64,-48,-39,0
1568115630930,-204,136,-2160,1481,-16273,-40,-21,-11,0
1568115630938,-207,137,-2184,1525,-16319,-54,2,-3,0
1568115630946,-209,132,-2133,1512,-16305,-18,35,5,0
1568115630962,-213,128,-2055,1556,-16322,-22,57,21,0
1568115630967,-219,123,-2177,1567,-16342,-13,69,13,0
1568115630976,-219,124,-2156,1591,-16325,-6,66,-1,0
1568115630991,-216,126,-2201,1575,-16395,1,41,-4,0
1568115630998,-213,134,-2176,1532,-16413,6,33,-5,0
1568115631006,-210,136,-2109,1487,-16409,23,26,-10,0
1568115631021,-210,135,-2164,1517,-16369,37,-3,-4,0
1568115631027,-216,128,-2118,1548,-16322,42,5,-4,0
1568115631035,-217,129,-2168,1493,-16408,51,-4,-15,0
1568115631050,-212,134,-2164,1515,-16432,43,6,-12,0
1568115631058,-206,139,-2139,1488,-16385,35,-25,-12,0
1568115631065,-203,137,-2141,1444,-16387,13,-23,1,0
1568115631080,-191,147,-2144,1457,-16373,2,-20,11,0
1568115631089,-195,145,-2118,1437,-16383,-13,-22,31,0
1568115631095,-198,141,-2112,1462,-16325,-6,1,46,0
1568115631110,-202,138,-2257,1535,-16307,-17,18,69,0
1568115631118,-215,129,-2127,1543,-16313,-23,14,55,0
1568115631126,-221,124,-2160,1539,-16356,-30,0,39,0
1568115631141,-213,134,-2124,1514,-16374,-79,5,36,0
1568115631147,-209,141,-2045,1555,-16389,-76,-23,13,0
1568115631156,-202,151,-2134,1567,-16402,-76,-18,0,0
1568115631170,-194,156,-2116,1549,-16372,-55,-36,-16,0
1568115631179,-195,152,-2146,1506,-16337,-59,-28,-12,0
1568115631185,-198,146,-2129,1573,-16368,-57,7,-11,0
1568115631200,-200,141,-2131,1556,-16373,-43,-3,-16,0
1568115631207,-211,132,-2190,1536,-16349,-40,26,8,0
1568115631215,-206,140,-2154,1560,-16311,-42,45,22,0
1568115631230,-196,149,-2188,1543,-16371,-23,51,45,0
1568115631238,-197,149,-2097,1541,-16377,-30,47,36,0
1568115631245,-197,148,-2142,1514,-16400,-2,55,55,0
1568115631260,-198,148,-2095,1528,-16401,-1,43,52,0
1568115631267,-209,139,-2116,1526,-16414,19,30,55,0
1568115631275,-215,132,-2193,1529,-16356,39,7,43,0
1568115631290,-212,133,-2164,1552,-16411,33,12,53,0
1568115631298,-207,138,-2111,1566,-16377,38,3,64,0
1568115631308,-204,139,-2115,1589,-16371,51,-1,59,0
1568115631322,-205,139,-2175,1580,-16339,49,9,64,0
1568115631327,-217,130,-2112,1639,-16311,22,21,47,0
1568115631335,-216,132,-2078,1566,-16351,10,49,22,0
1568115631352,-209,137,-2107,1559,-16371,8,50,-7,0
1568115631357,-211,138,-2170,1543,-16358,9,53,-11,0
1568115631365,-210,142,-2121,1498,-16413,56,31,6,0
1568115631381,-206,147,-2162,1540,-16422,96,7,-23,0
1568115631388,-215,138,-2155,1573,-16453,103,-22,-12,0
1568115631403,-217,133,-2211,1594,-16439,80,-32,-22,0
1568115631410,-214,133,-2081,1546,-16384,78,-33,-9,0
1568115631417,-214,133,-2136,1515,-16316,82,-11,-9,0
1568115631425,-211,137,-2151,1449,-16254,83,-10,6,0
1568115631439,-207,140,-2148,1439,-16312,82,3,29,0
1568115631447,-209,135,-2170,1474,-16343,56,19,40,0
1568115631457,-208,139,-2157,1505,-16378,-1,36,45,0
1568115631471,-207,141,-2071,1460,-16392,-20,47,56,0
1568115631478,-211,136,-2079,1509,-16412,-34,65,58,0
1568115631486,-208,139,-2220,1560,-16439,-31,82,31,0
1568115631501,-208,140,-2065,1546,-16483,-19,58,26,0
1568115631507,-214,133,-2182,1598,-16446,-18,39,-1,0
1568115631515,-218,129,-2113,1637,-16449,-8,-8,-41,0
1568115631529,-217,127,-2116,1616,-16421,-32,-25,-62,0
1568115631539,-221,123,-2170,1611,-16356,-34,-59,-77,0
1568115631545,-223,121,-2122,1562,-16287,-40,-45,-94,0
1568115631560,-217,125,-2143,1468,-16299,-41,-52,-96,0
1568115631567,-220,124,-2233,1384,-16270,-19,-31,-55,0
1568115631576,-217,130,-2201,1425,-16243,32,-12,3,0
1568115631592,-216,129,-2217,1379,-16275,70,3,73,0
1568115631597,-225,118,-2209,1445,-16302,83,22,108,0
1568115631605,-224,120,-2188,1486,-16316,98,62,131,0
1568115631620,-211,131,-2146,1546,-16368,68,76,150,0
1568115631627,-215,126,-2102,1557,-16407,56,83,132,0
1568115631635,-219,121,-2145,1601,-16469,9,72,93,0
1568115631650,-223,118,-2138,1573,-16428,-12,73,31,0
1568115631658,-231,111,-2047,1571,-16469,-26,55,-27,0
1568115631665,-236,107,-2050,1543,-16445,-21,12,-87,0
1568115631680,-234,107,-2034,1471,-16452,-27,-10,-117,0
1568115631688,-236,105,-2083,1466,-16459,-18,-38,-135,0
1568115631695,-232,106,-2134,1455,-16329,-29,-52,-144,0
1568115631710,-230,106,-2174,1355,-16300,-17,-60,-94,0
1568115631717,-235,104,-2159,1308,-16351,2,-70,-55,0
1568115631724,-240,102,-2248,1340,-16261,8,-61,2,0
1568115631740,-237,104,-2072,1419,-16200,7,-49,56,0
1568115631748,-236,110,-2150,1474,-16248,-36,12,58,0
1568115631755,-231,119,-2088,1526,-16336,-49,73,70,0
1568115631771,-226,123,-2106,1518,-16340,-121,78,52,0
1568115631778,-230,118,-2164,1514,-16431,-159,96,46,0
1568115631786,-229,117,-2089,1551,-16463,-143,55,23,0
1568115631800,-220,124,-2096,1534,-16513,-136,17,25,0
1568115631809,-216,131,-2148,1550,-16474,-84,-38,9,0
1568115631816,-213,134,-2089,1664,-16360,-63,-69,-7,0
1568115631838,-206,137,-2216,1674,-16392,-46,-97,-37,0
1568115631840,-213,132,-2165,1616,-16358,-43,-74,-58,0
1568115631845,-212,132,-2162,1515,-16302,-53,-49,-54,0
1568115631861,-202,137,-2124,1506,-16339,-66,-7,-45,0
1568115631867,-202,138,-2211,1483,-16297,-87,21,-15,0
1568115631876,-202,140,-2213,1488,-16328,-64,37,34,0
1568115631890,-202,138,-2130,1482,-16370,-40,38,65,0
1568115631897,-212,132,-2148,1611,-16359,-12,58,91,0
1568115631905,-216,128,-2162,1689,-16344,13,70,102,0
1568115631920,-216,126,-2149,1711,-16355,67,84,85,0
1568115631927,-227,121,-2125,1706,-16411,70,71,42,0
1568115631936,-226,126,-2146,1633,-16390,104,54,-9,0
1568115631951,-213,138,-2117,1667,-16418,109,58,-41,0
1568115631958,-212,141,-2064,1575,-16357,128,54,-69,0
1568115631965,-216,138,-2147,1525,-16419,144,43,-85,0
1568115631980,-218,134,-2139,1513,-16382,148,52,-81,0
1568115631988,-233,123,-2130,1530,-16381,170,45,-63,0
1568115631995,-230,125,-2080,1442,-16355,171,30,-34,0
1568115632010,-219,132,-2205,1434,-16353,174,43,-15,0
1568115632019,-222,128,-2106,1452,-16343,156,32,0,0
1568115632025,-224,126,-2114,1415,-16349,139,18,18,0
1568115632040,-218,129,-2164,1407,-16363,133,41,26,0
1568115632047,-228,124,-2105,1389,-16379,129,48,42,0
1568115632055,-229,125,-2136,1421,-16359,119,40,61,0
1568115632071,-224,130,-2197,1414,-16381,114,24,83,0
1568115632078,-227,126,-2168,1407,-16416,103,4,100,0
1568115632085,-227,124,-2122,1467,-16330,76,19,132,0
1568115632101,-223,131,-2081,1443,-16351,46,-3,140,0
1568115632107,-235,130,-2013,1471,-16401,22,-1,148,0
1568115632115,-235,132,-2145,1520,-16393,-17,-17,144,0
1568115632130,-230,149,-2028,1529,-16403,-3,-11,129,0
1568115632139,-244,163,-2089,1444,-16373,-31,-33,102,0
1568115632145,-262,174,-2163,1529,-16317,-6,-35,77,0
1568115632160,-267,192,-2100,1502,-16369,3,-59,38,0
1568115632167,-267,205,-2122,1511,-16359,4,-41,37,0
1568115632175,-258,216,-2129,1471,-16392,9,-57,5,0
1568115632190,-240,223,-2146,1453,-16345,-15,-46,6,0
1568115632198,-223,225,-2144,1468,-16311,-16,-36,-2,0
1568115632206,-208,216,-2120,1469,-16322,-25,-27,9,0
1568115632220,-196,206,-2140,1485,-16338,-34,-25,-3,0
1568115632228,-199,194,-2184,1459,-16408,-51,-1,6,0
1568115632238,-198,191,-2150,1519,-16376,-47,0,-5,0
1568115632250,-196,186,-2148,1503,-16319,-52,20,2,0
1568115632268,-204,174,-2204,1485,-16348,-60,-3,26,0
1568115632270,-210,165,-2197,1492,-16380,-35,-5,45,0
1568115632282,-206,163,-2165,1541,-16360,5,4,63,0
1568115632288,-209,158,-2171,1481,-16394,24,11,63,0
1568115632296,-206,156,-2106,1599,-16418,60,-6,49,0
1568115632320,-198,155,-2147,1577,-16418,53,-10,62,0
1568115632322,-198,152,-2197,1579,-16293,39,8,47,0
1568115632327,-196,149,-2207,1408,-16350,71,12,38,0
1568115632340,-197,144,-2164,1452,-16333,97,-6,38,0
1568115632349,-209,133,-2203,1480,-16355,104,-32,63,0
1568115632356,-212,125,-2147,1449,-16416,71,-5,72,0
1568115632371,-211,126,-2130,1477,-16365,47,10,80,0
1568115632377,-213,124,-2190,1500,-16381,10,11,81,0
1568115632387,-208,123,-2132,1492,-16448,-11,41,49,0
1568115632401,-202,129,-2257,1456,-16442,-14,59,37,0
1568115632407,-210,131,-2151,1509,-16410,-28,52,62,0
1568115632415,-216,134,-2108,1494,-16400,-26,33,68,0
1568115632431,-215,136,-2102,1546,-16434,-33,-1,74,0
1568115632438,-220,129,-2128,1573,-16381,-16,-42,48,0
1568115632445,-217,128,-2199,1620,-16307,-15,-32,31,0
1568115632460,-209,134,-2163,1553,-16253,9,-38,-4,0
1568115632469,-209,136,-2128,1496,-16290,0,-20,-23,0
1568115632475,-206,141,-2104,1523,-16245,-4,9,-23,0
1568115632490,-204,145,-2183,1405,-16305,-8,21,-22,0
1568115632497,-212,137,-2159,1435,-16390,-20,27,-19,0
1568115632505,-217,131,-2198,1393,-16345,12,34,3,0
1568115632520,-215,135,-2103,1446,-16385,42,51,13,0
1568115632527,-218,131,-2189,1474,-16418,54,47,14,0
1568115632536,-215,130,-2088,1497,-16403,33,36,22,0
1568115632551,-206,140,-2135,1515,-16441,38,55,10,0
1568115632558,-207,139,-2119,1478,-16423,2,50,12,0
1568115632567,-210,134,-2156,1510,-16445,-27,47,22,0
1568115632581,-201,141,-2151,1437,-16475,-42,10,-11,0
1568115632587,-208,135,-2195,1437,-16394,-77,17,0,0
1568115632596,-207,137,-2047,1499,-16358,-74,6,-4,0
1568115632609,-198,147,-2170,1432,-16334,-24,6,9,0
1568115632618,-205,142,-2121,1483,-16377,0,-30,32,0
1568115632625,-207,142,-2194,1427,-16338,-5,-22,24,0
1568115632640,-203,145,-2236,1438,-16296,41,-30,45,0
1568115632650,-214,133,-2183,1521,-16309,6,-9,44,0
1568115632656,-216,132,-2123,1554,-16256,-14,12,33,0
1568115632671,-206,142,-2124,1552,-16319,-26,60,31,0
1568115632677,-211,140,-2216,1560,-16378,-48,81,6,0
1568115632685,-217,134,-2196,1561,-16401,-63,99,-14,0
1568115632700,-213,133,-2185,1471,-16434,-82,75,1,0
1568115632708,-223,123,-2133,1511,-16451,-53,50,14,0
1568115632717,-222,124,-2072,1569,-16446,-32,35,0,0
1568115632734,-211,136,-2129,1552,-16376,-4,-16,-16,0
1568115632739,-212,138,-2148,1585,-16364,1,-14,-49,0
1568115632748,-209,143,-2126,1545,-16411,21,-30,-80,0
1568115632761,-202,148,-2117,1544,-16393,3,-24,-88,0
1568115632768,-214,140,-2125,1512,-16355,-10,-15,-115,0
1568115632785,-214,139,-2204,1516,-16344,-8,-2,-132,0
1568115632791,-203,140,-2110,1474,-16338,-2,-4,-101,0
1568115632798,-216,124,-2168,1440,-16309,1,28,-101,0
1568115632805,-220,119,-2232,1423,-16307,39,38,-43,0
1568115632823,-207,128,-2154,1403,-16236,68,70,-17,0
1568115632828,-210,125,-2239,1489,-16360,75,102,28,0
1568115632838,-210,124,-2103,1466,-16332,86,102,46,0
1568115632851,-207,128,-2075,1497,-16374,88,117,61,0
1568115632857,-212,125,-2093,1589,-16394,70,117,48,0
1568115632865,-209,129,-2079,1567,-16423,49,107,43,0
1568115632884,-203,131,-2124,1532,-16443,49,86,18,0
1568115632889,-216,121,-2120,1509,-16474,41,59,1,0
1568115632900,-219,121,-2096,1459,-16450,71,14,-13,0
1568115632910,-217,122,-2117,1449,-16418,79,-2,-15,0
1568115632918,-225,120,-2121,1474,-16335,79,-24,-12,0
1568115632925,-224,121,-2173,1409,-16330,110,-4,16,0
1568115632941,-211,128,-2159,1425,-16315,124,2,25,0
1568115632955,-215,126,-2147,1414,-16355,104,16,43,0
1568115632956,-212,131,-2185,1430,-16353,82,29,81,0
1568115632970,-199,143,-2131,1408,-16321,59,47,95,0
1568115632982,-202,143,-2145,1426,-16352,39,42,110,0
1568115632987,-204,138,-2115,1465,-16376,15,36,108,0
1568115633005,-200,140,-2069,1475,-16384,0,23,98,0
1568115633008,-212,131,-2135,1467,-16377,4,25,53,0
1568115633017,-216,128,-2158,1481,-16394,-6,13,30,0
1568115633033,-211,129,-2119,1479,-16344,4,26,25,0
1568115633037,-212,130,-2160,1473,-16358,2,23,-10,0
1568115633045,-212,134,-2184,1405,-16389,10,7,-16,0
1568115633060,-207,137,-2096,1446,-16348,-10,11,-12,0
1568115633067,-215,134,-2083,1486,-16393,-43,11,-7,0
1568115633076,-208,138,-2165,1445,-16400,-52,5,9,0
1568115633090,-192,149,-2088,1458,-16376,-70,8,23,0
1568115633097,-195,146,-2115,1448,-16373,-74,3,29,0
1568115633105,-205,135,-2139,1528,-16405,-54,9,29,0
1568115633120,-210,128,-2122,1519,-16377,-43,2,33,0
1568115633127,-218,121,-2155,1518,-16353,-21,-11,38,0
1568115633135,-214,126,-2085,1482,-16351,-23,15,33,0
1568115633150,-204,133,-2138,1583,-16311,-9,26,32,0
1568115633157,-205,132,-2144,1558,-16323,-22,24,17,0
1568115633167,-202,133,-2115,1532,-16345,-8,57,23,0
1568115633181,-193,138,-2111,1447,-16377,-25,48,23,0
1568115633187,-205,128,-2204,1459,-16400,16,41,18,0
1568115633195,-207,129,-2140,1448,-16379,18,33,29,0
1568115633211,-205,129,-2125,1471,-16382,34,25,33,0
1568115633217,-213,123,-2066,1524,-16482,51,4,25,0
1568115633225,-213,123,-2107,1488,-16371,51,-20,19,0
1568115633240,-199,133,-2092,1526,-16352,54,-23,20,0
1568115633248,-197,134,-2166,1423,-16353,51,-16,12,0
1568115633256,-200,132,-2055,1387,-16329,97,-23,29,0
1568115633271,-200,132,-2060,1425,-16346,117,-13,61,0
1568115633279,-211,123,-2144,1454,-16358,106,-6,78,0
1568115633285,-211,119,-2125,1513,-16397,96,30,78,0
1568115633300,-202,122,-2081,1489,-16405,75,11,61,0
1568115633308,-205,117,-2065,1472,-16404,52,22,28,0
1568115633317,-210,112,-2128,1483,-16409,17,54,-9,0
1568115633338,-207,120,-2131,1501,-16442,0,47,-11,0
1568115633340,-210,119,-2140,1475,-16469,-7,37,-40,0
1568115633345,-204,127,-2175,1527,-16429,-10,-1,-46,0
1568115633360,-195,136,-2214,1496,-16355,-14,-24,-30,0
1568115633368,-208,127,-2117,1454,-16330,-31,-36,-42,0
1568115633375,-211,128,-2074,1504,-16265,-19,-44,-29,0
1568115633390,-202,131,-2197,1393,-16253,-22,2,-10,0
1568115633398,-207,126,-2137,1415,-16277,-11,12,16,0
1568115633406,-205,127,-2201,1400,-16323,18,10,34,0
1568115633420,-197,136,-2181,1401,-16289,47,32,73,0
1568115633432,-205,131,-2152,1427,-16350,71,42,102,0
1568115633435,-198,138,-2162,1500,-16333,61,44,107,0
1568115633450,-189,147,-2134,1507,-16375,75,78,98,0
1568115633457,-196,140,-2170,1531,-16407,57,76,60,0
1568115633466,-199,136,-2068,1517,-16421,45,79,26,0
1568115633482,-194,139,-2172,1497,-16435,28,78,-4,0
1568115633488,-203,130,-2083,1459,-16409,28,96,-30,0
1568115633497,-204,127,-2053,1374,-16375,30,83,-41,0
1568115633512,-201,131,-2068,1419,-16409,34,84,-50,0
1568115633517,-210,120,-2178,1449,-16410,19,99,-63,0
1568115633533,-205,122,-2117,1477,-16416,24,77,-74,0
1568115633540,-188,137,-2136,1443,-16422,-1,64,-66,0
1568115633550,-190,136,-2080,1420,-16390,9,34,-31,0
1568115633555,-184,145,-2129,1406,-16345,1,18,-34,0
1568115633570,-177,155,-2021,1398,-16278,-11,23,-14,0
1568115633579,-196,138,-2117,1420,-16280,2,26,13,0
1568115633585,-204,129,-2075,1412,-16274,-18,55,11,0
1568115633601,-197,138,-2196,1401,-16331,-45,83,0,0
1568115633607,-202,138,-2121,1497,-16382,-35,89,0,0
1568115633617,-197,141,-2132,1481,-16434,-30,75,0,0
1568115633630,-185,150,-2042,1532,-16537,-45,49,-15,0
1568115633637,-192,141,-2089,1527,-16440,-44,17,-41,0
1568115633645,-195,139,-2068,1556,-16449,-39,-15,-49,0
1568115633664,-190,145,-2017,1490,-16376,-48,-39,-58,0
1568115633667,-200,134,-2047,1442,-16358,-54,-19,-48,0
1568115633676,-204,130,-2086,1433,-16371,-42,-48,-69,0
1568115633690,-200,136,-2172,1383,-16388,-55,-34,-48,0
1568115633700,-203,136,-2106,1401,-16321,-55,-9,-26,0
1568115633705,-201,142,-2096,1467,-16349,-61,6,4,0
1568115633720,-191,152,-2076,1421,-16363,-47,23,15,0
1568115633728,-202,141,-2189,1495,-16357,-29,43,32,0
1568115633735,-206,132,-2153,1552,-16354,-25,62,48,0
1568115633750,-200,137,-2100,1530,-16336,-22,71,36,0
1568115633762,-204,133,-2104,1518,-16433,-11,62,23,0
1568115633765,-202,133,-2101,1479,-16446,5,49,-5,0
1568115633781,-193,141,-2055,1498,-16366,27,36,8,0
1568115633787,-203,134,-2084,1435,-16433,41,8,0,0
1568115633796,-206,134,-2041,1407,-16386,20,-9,4,0
1568115633810,-197,142,-2093,1392,-16381,23,-6,18,0
1568115633818,-206,136,-2084,1422,-16322,30,-4,52,0
1568115633825,-206,138,-2122,1437,-16399,50,-17,54,0
1568115633841,-201,143,-2130,1432,-16350,59,-9,71,0
1568115633848,-210,134,-2153,1483,-16390,60,10,67,0
1568115633855,-205,139,-2157,1459,-16332,67,16,77,0
1568115633869,-192,147,-2069,1477,-16375,65,29,78,0
1568115633878,-198,140,-2052,1428,-16382,56,22,72,0
1568115633885,-200,138,-2071,1453,-16357,42,23,60,0
1568115633900,-194,145,-2110,1466,-16421,32,1,67,0
1568115633907,-200,141,-2155,1432,-16443,22,-17,77,0
1568115633914,-197,144,-2060,1428,-16417,20,-26,83,0
1568115633929,-190,147,-2108,1442,-16403,-1,-38,71,0
1568115633937,-204,134,-2051,1438,-16380,-19,-53,65,0
1568115633945,-206,134,-2061,1525,-16407,-23,-61,63,0
1568115633959,-193,145,-2127,1527,-16348,-22,-36,50,0
